{
  "metrics": {
    "checks": {
      "passes": 181,
      "fails": 0,
      "value": 1
    },
    "http_req_sending": {
      "p(90)": 0.11228,
      "p(95)": 0.152099,
      "avg": 0.0683724861878453,
      "min": 0.036529,
      "med": 0.056284,
      "max": 0.198781
    },
    "data_sent": {
      "count": 76201,
      "rate": 398.65116252086136
    },
    "http_reqs": {
      "count": 181,
      "rate": 0.946914875346464
    },
    "http_req_duration{expected_response:true}": {
      "max": 11624.639905,
      "p(90)": 11201.404989,
      "p(95)": 11346.901372,
      "avg": 5932.628803629834,
      "min": 431.965851,
      "med": 8146.427112
    },
    "http_req_connecting": {
      "p(95)": 0.330367,
      "avg": 0.03911362983425415,
      "min": 0,
      "med": 0,
      "max": 0.640536,
      "p(90)": 0.264734
    },
    "iteration_duration": {
      "max": 11635.644949,
      "p(90)": 11212.218076,
      "p(95)": 11357.672193,
      "avg": 5943.662918403314,
      "min": 443.38746,
      "med": 8157.20691
    },
    "http_req_receiving": {
      "med": 0.135974,
      "max": 0.348463,
      "p(90)": 0.183126,
      "p(95)": 0.207229,
      "avg": 0.14444598342541437,
      "min": 0.083612
    },
    "data_received": {
      "count": 27150,
      "rate": 142.0372313019696
    },
    "vus_max": {
      "value": 20,
      "min": 20,
      "max": 20
    },
    "http_req_tls_handshaking": {
      "p(95)": 0,
      "avg": 0,
      "min": 0,
      "med": 0,
      "max": 0,
      "p(90)": 0
    },
    "http_req_waiting": {
      "min": 431.741855,
      "med": 8146.275393,
      "max": 11624.450602,
      "p(90)": 11201.233082,
      "p(95)": 11346.729098,
      "avg": 5932.415985160222
    },
    "http_req_failed": {
      "passes": 0,
      "fails": 181,
      "value": 0
    },
    "http_req_blocked": {
      "min": 0.011115,
      "med": 0.014022,
      "max": 1.328639,
      "p(90)": 0.388806,
      "p(95)": 0.479741,
      "avg": 0.07674706629834252
    },
    "iterations": {
      "count": 181,
      "rate": 0.946914875346464
    },
    "vus": {
      "min": 0,
      "max": 11,
      "value": 1
    },
    "http_req_duration": {
      "avg": 5932.628803629834,
      "min": 431.965851,
      "med": 8146.427112,
      "max": 11624.639905,
      "p(90)": 11201.404989,
      "p(95)": 11346.901372
    }
  },
  "root_group": {
    "path": "",
    "id": "d41d8cd98f00b204e9800998ecf8427e",
    "groups": {},
    "checks": {
      "publish status 200": {
        "id": "bf97aede7c5d844e94c724726bc2408d",
        "passes": 181,
        "fails": 0,
        "name": "publish status 200",
        "path": "::publish status 200"
      }
    },
    "name": ""
  }
}