{
  "metrics": {
    "http_req_waiting": {
      "min": 356.455724,
      "med": 924.846677,
      "max": 2061.41489,
      "p(90)": 1456.1753632999998,
      "p(95)": 1591.9405859499993,
      "avg": 981.509075433333
    },
    "http_req_sending": {
      "p(90)": 0.0951812,
      "p(95)": 0.11174854999999997,
      "avg": 0.06415695555555555,
      "min": 0.034466,
      "med": 0.0521925,
      "max": 0.508931
    },
    "http_req_connecting": {
      "p(95)": 0.34018244999999997,
      "avg": 0.04379020555555555,
      "min": 0,
      "med": 0,
      "max": 1.121797,
      "p(90)": 0.2865811
    },
    "data_sent": {
      "rate": 420.9987321248961,
      "count": 75780
    },
    "iterations": {
      "count": 180,
      "rate": 0.9999969884201808
    },
    "http_req_receiving": {
      "avg": 0.13806544999999998,
      "min": 0.090096,
      "med": 0.130789,
      "max": 0.339932,
      "p(90)": 0.1729296,
      "p(95)": 0.19040359999999995
    },
    "http_req_failed": {
      "passes": 0,
      "fails": 180,
      "value": 0
    },
    "vus_max": {
      "value": 20,
      "min": 20,
      "max": 20
    },
    "http_req_duration": {
      "p(90)": 1456.3753092,
      "p(95)": 1592.2217254999991,
      "avg": 981.7112978388892,
      "min": 356.640152,
      "med": 925.0308285,
      "max": 2061.612999
    },
    "checks": {
      "fails": 0,
      "passes": 180,
      "value": 1
    },
    "vus": {
      "min": 0,
      "max": 2,
      "value": 0
    },
    "http_req_blocked": {
      "p(95)": 0.4850721999999998,
      "avg": 0.0754207388888889,
      "min": 0.010703,
      "med": 0.0132445,
      "max": 1.296135,
      "p(90)": 0.39505359999999995
    },
    "data_received": {
      "count": 27000,
      "rate": 149.99954826302712
    },
    "iteration_duration": {
      "min": 367.443345,
      "med": 935.891462,
      "max": 2072.701932,
      "p(90)": 1467.1868947,
      "p(95)": 1603.0821761999991,
      "avg": 992.6979634833334
    },
    "http_req_duration{expected_response:true}": {
      "med": 925.0308285,
      "max": 2061.612999,
      "p(90)": 1456.3753092,
      "p(95)": 1592.2217254999991,
      "avg": 981.7112978388892,
      "min": 356.640152
    },
    "http_reqs": {
      "count": 180,
      "rate": 0.9999969884201808
    },
    "http_req_tls_handshaking": {
      "max": 0,
      "p(90)": 0,
      "p(95)": 0,
      "avg": 0,
      "min": 0,
      "med": 0
    }
  },
  "root_group": {
    "id": "d41d8cd98f00b204e9800998ecf8427e",
    "groups": {},
    "checks": {
      "publish status 200": {
        "name": "publish status 200",
        "path": "::publish status 200",
        "id": "bf97aede7c5d844e94c724726bc2408d",
        "passes": 180,
        "fails": 0
      }
    },
    "name": "",
    "path": ""
  }
}