{
  "root_group": {
    "name": "",
    "path": "",
    "id": "d41d8cd98f00b204e9800998ecf8427e",
    "groups": {},
    "checks": {
      "publish status 200": {
        "name": "publish status 200",
        "path": "::publish status 200",
        "id": "bf97aede7c5d844e94c724726bc2408d",
        "passes": 180,
        "fails": 0
      }
    }
  },
  "metrics": {
    "data_sent": {
      "count": 151380,
      "rate": 806.7847564747606
    },
    "http_req_failed": {
      "passes": 0,
      "fails": 180,
      "value": 0
    },
    "vus": {
      "value": 1,
      "min": 0,
      "max": 7
    },
    "http_req_duration": {
      "max": 8621.611347,
      "p(90)": 4827.895096099998,
      "p(95)": 6847.21271965,
      "avg": 2111.6749406055555,
      "min": 586.263625,
      "med": 1623.4855954999998
    },
    "http_req_receiving": {
      "avg": 0.14260693333333324,
      "min": 0.09543,
      "med": 0.1338695,
      "max": 0.351267,
      "p(90)": 0.1835331,
      "p(95)": 0.20435009999999995
    },
    "vus_max": {
      "value": 20,
      "min": 20,
      "max": 20
    },
    "checks": {
      "passes": 180,
      "fails": 0,
      "value": 1
    },
    "http_req_connecting": {
      "p(95)": 0.28021265,
      "avg": 0.032351849999999995,
      "min": 0,
      "med": 0,
      "max": 0.405112,
      "p(90)": 0.24350259999999999
    },
    "iteration_duration": {
      "avg": 2122.7482282333326,
      "min": 597.371959,
      "med": 1634.4468995000002,
      "max": 8632.559043,
      "p(90)": 4838.774810199999,
      "p(95)": 6858.02496395
    },
    "iterations": {
      "count": 180,
      "rate": 0.9593160005645192
    },
    "http_req_blocked": {
      "max": 1.187922,
      "p(90)": 0.3532624999999999,
      "p(95)": 0.4015809499999997,
      "avg": 0.06476737777777773,
      "min": 0.011143,
      "med": 0.013694000000000001
    },
    "http_req_sending": {
      "p(95)": 0.13661915,
      "avg": 0.06768792222222222,
      "min": 0.035001,
      "med": 0.0565165,
      "max": 0.213925,
      "p(90)": 0.09358369999999999
    },
    "http_req_waiting": {
      "max": 8621.420775,
      "p(90)": 4827.707916499999,
      "p(95)": 6847.04435205,
      "avg": 2111.4646457500007,
      "min": 586.069831,
      "med": 1623.2930895
    },
    "http_req_tls_handshaking": {
      "med": 0,
      "max": 0,
      "p(90)": 0,
      "p(95)": 0,
      "avg": 0,
      "min": 0
    },
    "data_received": {
      "count": 27000,
      "rate": 143.89740008467788
    },
    "http_reqs": {
      "count": 180,
      "rate": 0.9593160005645192
    },
    "http_req_duration{expected_response:true}": {
      "p(90)": 4827.895096099998,
      "p(95)": 6847.21271965,
      "avg": 2111.6749406055555,
      "min": 586.263625,
      "med": 1623.4855954999998,
      "max": 8621.611347
    }
  }
}