{
  "root_group": {
    "name": "",
    "path": "",
    "id": "d41d8cd98f00b204e9800998ecf8427e",
    "groups": {},
    "checks": {
      "publish status 200": {
        "name": "publish status 200",
        "path": "::publish status 200",
        "id": "bf97aede7c5d844e94c724726bc2408d",
        "passes": 181,
        "fails": 0
      }
    }
  },
  "metrics": {
    "vus": {
      "value": 0,
      "min": 0,
      "max": 10
    },
    "vus_max": {
      "value": 20,
      "min": 20,
      "max": 20
    },
    "http_req_failed": {
      "fails": 181,
      "passes": 0,
      "value": 0
    },
    "data_sent": {
      "count": 76201,
      "rate": 421.0643672583888
    },
    "data_received": {
      "count": 27150,
      "rate": 150.02293370251382
    },
    "http_req_connecting": {
      "avg": 0.04373025414364641,
      "min": 0,
      "med": 0,
      "max": 1.048371,
      "p(90)": 0.246871,
      "p(95)": 0.341253
    },
    "http_req_duration": {
      "avg": 3394.3458286685063,
      "min": 397.391258,
      "med": 2621.281822,
      "max": 10000.600095,
      "p(90)": 8506.114395,
      "p(95)": 9212.828122
    },
    "http_req_receiving": {
      "avg": 0.14199690607734802,
      "min": 0.097389,
      "med": 0.135222,
      "max": 0.276764,
      "p(90)": 0.17916,
      "p(95)": 0.19292
    },
    "http_reqs": {
      "count": 181,
      "rate": 1.000152891350092
    },
    "http_req_duration{expected_response:true}": {
      "max": 10000.600095,
      "p(90)": 8506.114395,
      "p(95)": 9212.828122,
      "avg": 3394.3458286685063,
      "min": 397.391258,
      "med": 2621.281822
    },
    "iteration_duration": {
      "p(95)": 9223.635134,
      "avg": 3405.4027480663003,
      "min": 410.696958,
      "med": 2632.159961,
      "max": 10011.441232,
      "p(90)": 8516.92892
    },
    "http_req_sending": {
      "avg": 0.06940969613259669,
      "min": 0.034867,
      "med": 0.05579,
      "max": 0.367931,
      "p(90)": 0.101049,
      "p(95)": 0.149945
    },
    "iterations": {
      "count": 181,
      "rate": 1.000152891350092
    },
    "http_req_blocked": {
      "med": 0.01378,
      "max": 1.34342,
      "p(90)": 0.426385,
      "p(95)": 0.492631,
      "avg": 0.07745276795580112,
      "min": 0.010905
    },
    "checks": {
      "passes": 181,
      "fails": 0,
      "value": 1
    },
    "http_req_tls_handshaking": {
      "max": 0,
      "p(90)": 0,
      "p(95)": 0,
      "avg": 0,
      "min": 0,
      "med": 0
    },
    "http_req_waiting": {
      "p(95)": 9212.668645,
      "avg": 3394.134422066297,
      "min": 397.125704,
      "med": 2621.096511,
      "max": 10000.454391,
      "p(90)": 8505.948781
    }
  }
}