{
  "root_group": {
    "path": "",
    "id": "d41d8cd98f00b204e9800998ecf8427e",
    "groups": {},
    "checks": {
      "publish status 200": {
        "name": "publish status 200",
        "path": "::publish status 200",
        "id": "bf97aede7c5d844e94c724726bc2408d",
        "passes": 178,
        "fails": 0
      }
    },
    "name": ""
  },
  "metrics": {
    "data_received": {
      "count": 26700,
      "rate": 129.16704460871352
    },
    "http_reqs": {
      "count": 178,
      "rate": 0.8611136307247569
    },
    "http_req_duration": {
      "p(90)": 24699.4018361,
      "p(95)": 25984.6394262,
      "avg": 15534.721176162928,
      "min": 721.631789,
      "med": 18218.069425499998,
      "max": 26965.926048
    },
    "http_req_sending": {
      "max": 0.436837,
      "p(90)": 0.1041633,
      "p(95)": 0.12428270000000001,
      "avg": 0.06751347752808985,
      "min": 0.036947,
      "med": 0.054859000000000005
    },
    "http_req_failed": {
      "passes": 0,
      "fails": 178,
      "value": 0
    },
    "http_req_tls_handshaking": {
      "min": 0,
      "med": 0,
      "max": 0,
      "p(90)": 0,
      "p(95)": 0,
      "avg": 0
    },
    "http_req_receiving": {
      "p(95)": 0.18790110000000004,
      "avg": 0.14449213483146064,
      "min": 0.104946,
      "med": 0.135579,
      "max": 0.360893,
      "p(90)": 0.1827778
    },
    "http_req_blocked": {
      "avg": 0.07671514606741572,
      "min": 0.011166,
      "med": 0.013615,
      "max": 1.261463,
      "p(90)": 0.38610970000000006,
      "p(95)": 0.46172645
    },
    "data_sent": {
      "count": 149876,
      "rate": 725.0576770702453
    },
    "checks": {
      "passes": 178,
      "fails": 0,
      "value": 1
    },
    "dropped_iterations": {
      "count": 3,
      "rate": 0.014513151079630734
    },
    "http_req_duration{expected_response:true}": {
      "p(90)": 24699.4018361,
      "p(95)": 25984.6394262,
      "avg": 15534.721176162928,
      "min": 721.631789,
      "med": 18218.069425499998,
      "max": 26965.926048
    },
    "vus": {
      "value": 1,
      "min": 0,
      "max": 22
    },
    "iterations": {
      "count": 178,
      "rate": 0.8611136307247569
    },
    "http_req_waiting": {
      "p(95)": 25984.42176275,
      "avg": 15534.509170550573,
      "min": 721.363254,
      "med": 18217.8503135,
      "max": 26965.726268,
      "p(90)": 24699.208273
    },
    "iteration_duration": {
      "avg": 15545.807441370778,
      "min": 733.442476,
      "med": 18229.0066005,
      "max": 26976.712709,
      "p(90)": 24710.2227519,
      "p(95)": 25995.651943200002
    },
    "vus_max": {
      "value": 23,
      "min": 20,
      "max": 23
    },
    "http_req_connecting": {
      "p(90)": 0.2534716000000001,
      "p(95)": 0.30701355,
      "avg": 0.04048487640449438,
      "min": 0,
      "med": 0,
      "max": 0.7851
    }
  }
}