{
  "root_group": {
    "path": "",
    "id": "d41d8cd98f00b204e9800998ecf8427e",
    "groups": {},
    "checks": {
      "publish status 200": {
        "name": "publish status 200",
        "path": "::publish status 200",
        "id": "bf97aede7c5d844e94c724726bc2408d",
        "passes": 181,
        "fails": 0
      }
    },
    "name": ""
  },
  "metrics": {
    "http_req_sending": {
      "avg": 0.0827454033149171,
      "min": 0.041413,
      "med": 0.054381,
      "max": 3.101453,
      "p(90)": 0.095911,
      "p(95)": 0.156089
    },
    "http_req_connecting": {
      "p(90)": 0.271228,
      "p(95)": 0.349647,
      "avg": 0.03970500552486188,
      "min": 0,
      "med": 0,
      "max": 0.707699
    },
    "http_req_tls_handshaking": {
      "p(90)": 0,
      "p(95)": 0,
      "avg": 0,
      "min": 0,
      "med": 0,
      "max": 0
    },
    "http_req_receiving": {
      "avg": 0.14350496685082872,
      "min": 0.081821,
      "med": 0.136383,
      "max": 0.2876,
      "p(90)": 0.179271,
      "p(95)": 0.189505
    },
    "vus": {
      "value": 1,
      "min": 0,
      "max": 12
    },
    "http_reqs": {
      "count": 181,
      "rate": 0.9457087973771027
    },
    "http_req_duration": {
      "p(90)": 11604.86164,
      "p(95)": 11717.048542,
      "avg": 7540.199115607737,
      "min": 387.728821,
      "med": 10593.806698,
      "max": 12072.806358
    },
    "http_req_blocked": {
      "avg": 0.07431874585635358,
      "min": 0.011434,
      "med": 0.013643,
      "max": 1.507325,
      "p(90)": 0.375371,
      "p(95)": 0.511669
    },
    "http_req_failed": {
      "passes": 0,
      "fails": 181,
      "value": 0
    },
    "checks": {
      "passes": 181,
      "fails": 0,
      "value": 1
    },
    "data_received": {
      "count": 27150,
      "rate": 141.8563196065654
    },
    "iteration_duration": {
      "p(90)": 11615.759929,
      "p(95)": 11728.008386,
      "avg": 7551.205536651932,
      "min": 401.197185,
      "med": 10604.718496,
      "max": 12083.655988
    },
    "iterations": {
      "count": 181,
      "rate": 0.9457087973771027
    },
    "http_req_duration{expected_response:true}": {
      "med": 10593.806698,
      "max": 12072.806358,
      "p(90)": 11604.86164,
      "p(95)": 11717.048542,
      "avg": 7540.199115607737,
      "min": 387.728821
    },
    "data_sent": {
      "count": 76201,
      "rate": 398.14340369576024
    },
    "http_req_waiting": {
      "avg": 7539.97286523757,
      "min": 387.409064,
      "med": 10593.545871,
      "max": 12072.626381,
      "p(90)": 11604.634003,
      "p(95)": 11716.82707
    },
    "vus_max": {
      "min": 20,
      "max": 20,
      "value": 20
    }
  }
}