{
  "metrics": {
    "http_req_duration{expected_response:true}": {
      "max": 6265.305298,
      "p(90)": 5862.7417999,
      "p(95)": 6080.4150241,
      "avg": 4256.373341344442,
      "min": 387.082319,
      "med": 4803.750848
    },
    "http_req_waiting": {
      "avg": 4256.134793977781,
      "min": 386.798963,
      "med": 4803.561417499999,
      "max": 6265.087616,
      "p(90)": 5862.553945,
      "p(95)": 6080.21530025
    },
    "iterations": {
      "count": 180,
      "rate": 0.972414906255405
    },
    "data_received": {
      "rate": 145.86223593831076,
      "count": 27000
    },
    "http_req_sending": {
      "med": 0.0543135,
      "max": 0.695478,
      "p(90)": 0.11395449999999997,
      "p(95)": 0.15667669999999997,
      "avg": 0.07318784444444447,
      "min": 0.035055
    },
    "vus": {
      "max": 6,
      "value": 1,
      "min": 0
    },
    "data_sent": {
      "count": 75780,
      "rate": 409.38667553352553
    },
    "http_reqs": {
      "count": 180,
      "rate": 0.972414906255405
    },
    "http_req_duration": {
      "min": 387.082319,
      "med": 4803.750848,
      "max": 6265.305298,
      "p(90)": 5862.7417999,
      "p(95)": 6080.4150241,
      "avg": 4256.373341344442
    },
    "vus_max": {
      "value": 20,
      "min": 20,
      "max": 20
    },
    "http_req_receiving": {
      "med": 0.138683,
      "max": 2.933684,
      "p(90)": 0.19407709999999997,
      "p(95)": 0.22168594999999994,
      "avg": 0.1653595222222223,
      "min": 0.084241
    },
    "checks": {
      "passes": 180,
      "fails": 0,
      "value": 1
    },
    "iteration_duration": {
      "med": 4815.0730060000005,
      "max": 6276.127272,
      "p(90)": 5873.5928951000005,
      "p(95)": 6091.21590295,
      "avg": 4267.43373658889,
      "min": 402.677521
    },
    "http_req_connecting": {
      "med": 0,
      "max": 0.578957,
      "p(90)": 0.2641118,
      "p(95)": 0.31094014999999986,
      "avg": 0.037852083333333335,
      "min": 0
    },
    "http_req_failed": {
      "passes": 0,
      "fails": 180,
      "value": 0
    },
    "http_req_blocked": {
      "avg": 0.10886411666666657,
      "min": 0.010197,
      "med": 0.013949,
      "max": 3.769673,
      "p(90)": 0.4216061999999999,
      "p(95)": 0.4877807499999999
    },
    "http_req_tls_handshaking": {
      "p(90)": 0,
      "p(95)": 0,
      "avg": 0,
      "min": 0,
      "med": 0,
      "max": 0
    }
  },
  "root_group": {
    "path": "",
    "id": "d41d8cd98f00b204e9800998ecf8427e",
    "groups": {},
    "checks": {
      "publish status 200": {
        "name": "publish status 200",
        "path": "::publish status 200",
        "id": "bf97aede7c5d844e94c724726bc2408d",
        "passes": 180,
        "fails": 0
      }
    },
    "name": ""
  }
}