{
  "metrics": {
    "checks": {
      "passes": 181,
      "fails": 0,
      "value": 1
    },
    "iterations": {
      "count": 181,
      "rate": 0.968437252999587
    },
    "data_received": {
      "rate": 145.26558794993807,
      "count": 27150
    },
    "iteration_duration": {
      "min": 390.015135,
      "med": 8287.974988,
      "max": 11556.921205,
      "p(90)": 10657.128179,
      "p(95)": 10785.98622,
      "avg": 6778.74958485083
    },
    "http_req_sending": {
      "med": 0.056027,
      "max": 0.176714,
      "p(90)": 0.093183,
      "p(95)": 0.129353,
      "avg": 0.0660252099447514,
      "min": 0.03842
    },
    "data_sent": {
      "count": 76201,
      "rate": 407.71208351282615
    },
    "http_req_blocked": {
      "min": 0.011022,
      "med": 0.013523,
      "max": 1.593106,
      "p(90)": 0.354139,
      "p(95)": 0.511881,
      "avg": 0.07486840883977897
    },
    "http_req_waiting": {
      "avg": 6767.542898690608,
      "min": 378.892343,
      "med": 8276.925928,
      "max": 11545.757044,
      "p(90)": 10646.117455,
      "p(95)": 10775.004054
    },
    "http_req_receiving": {
      "avg": 0.14904393370165753,
      "min": 0.079362,
      "med": 0.136217,
      "max": 1.542028,
      "p(90)": 0.175214,
      "p(95)": 0.190604
    },
    "http_req_duration": {
      "max": 11546.024511,
      "p(90)": 10646.366328,
      "p(95)": 10775.186048,
      "avg": 6767.757967834253,
      "min": 379.078953,
      "med": 8277.119411
    },
    "http_req_tls_handshaking": {
      "max": 0,
      "p(90)": 0,
      "p(95)": 0,
      "avg": 0,
      "min": 0,
      "med": 0
    },
    "vus_max": {
      "value": 20,
      "min": 20,
      "max": 20
    },
    "http_req_connecting": {
      "p(90)": 0.243877,
      "p(95)": 0.290413,
      "avg": 0.034852497237569065,
      "min": 0,
      "med": 0,
      "max": 0.575148
    },
    "http_req_failed": {
      "passes": 0,
      "fails": 181,
      "value": 0
    },
    "http_reqs": {
      "count": 181,
      "rate": 0.968437252999587
    },
    "http_req_duration{expected_response:true}": {
      "max": 11546.024511,
      "p(90)": 10646.366328,
      "p(95)": 10775.186048,
      "avg": 6767.757967834253,
      "min": 379.078953,
      "med": 8277.119411
    },
    "vus": {
      "value": 1,
      "min": 0,
      "max": 11
    }
  },
  "root_group": {
    "name": "",
    "path": "",
    "id": "d41d8cd98f00b204e9800998ecf8427e",
    "groups": {},
    "checks": {
      "publish status 200": {
        "name": "publish status 200",
        "path": "::publish status 200",
        "id": "bf97aede7c5d844e94c724726bc2408d",
        "passes": 181,
        "fails": 0
      }
    }
  }
}