{
  "root_group": {
    "name": "",
    "path": "",
    "id": "d41d8cd98f00b204e9800998ecf8427e",
    "groups": {},
    "checks": {
      "publish status 200": {
        "name": "publish status 200",
        "path": "::publish status 200",
        "id": "bf97aede7c5d844e94c724726bc2408d",
        "passes": 181,
        "fails": 0
      }
    }
  },
  "metrics": {
    "http_req_sending": {
      "med": 0.053763,
      "max": 0.635987,
      "p(90)": 0.11418,
      "p(95)": 0.140124,
      "avg": 0.07119947513812155,
      "min": 0.035979
    },
    "http_req_blocked": {
      "min": 0.011116,
      "med": 0.013678,
      "max": 1.145962,
      "p(90)": 0.391382,
      "p(95)": 0.50153,
      "avg": 0.07308287845303868
    },
    "checks": {
      "passes": 181,
      "fails": 0,
      "value": 1
    },
    "http_reqs": {
      "count": 181,
      "rate": 1.0004505643200943
    },
    "http_req_duration": {
      "min": 343.6839,
      "med": 1071.325019,
      "max": 1897.298871,
      "p(90)": 1574.024124,
      "p(95)": 1674.004452,
      "avg": 1080.6870232983429
    },
    "iteration_duration": {
      "avg": 1091.6900986906073,
      "min": 355.089692,
      "med": 1082.466543,
      "max": 1908.104029,
      "p(90)": 1584.81496,
      "p(95)": 1684.88817
    },
    "vus_max": {
      "value": 20,
      "min": 20,
      "max": 20
    },
    "iterations": {
      "count": 181,
      "rate": 1.0004505643200943
    },
    "http_req_connecting": {
      "p(90)": 0.265276,
      "p(95)": 0.311711,
      "avg": 0.03905560220994475,
      "min": 0,
      "med": 0,
      "max": 0.634229
    },
    "http_req_receiving": {
      "p(90)": 0.180493,
      "p(95)": 0.192027,
      "avg": 0.1424599668508288,
      "min": 0.088641,
      "med": 0.135925,
      "max": 0.270525
    },
    "http_req_failed": {
      "passes": 0,
      "fails": 181,
      "value": 0
    },
    "vus": {
      "value": 0,
      "min": 0,
      "max": 1
    },
    "data_received": {
      "count": 27150,
      "rate": 150.06758464801416
    },
    "http_req_waiting": {
      "max": 1897.020472,
      "p(90)": 1573.827548,
      "p(95)": 1673.770765,
      "avg": 1080.4733638563534,
      "min": 343.361554,
      "med": 1071.140858
    },
    "data_sent": {
      "count": 76201,
      "rate": 421.18968757875973
    },
    "http_req_duration{expected_response:true}": {
      "p(95)": 1674.004452,
      "avg": 1080.6870232983429,
      "min": 343.6839,
      "med": 1071.325019,
      "max": 1897.298871,
      "p(90)": 1574.024124
    },
    "http_req_tls_handshaking": {
      "max": 0,
      "p(90)": 0,
      "p(95)": 0,
      "avg": 0,
      "min": 0,
      "med": 0
    }
  }
}