{
  "root_group": {
    "path": "",
    "id": "d41d8cd98f00b204e9800998ecf8427e",
    "groups": {},
    "checks": {
      "publish status 200": {
        "passes": 177,
        "fails": 0,
        "name": "publish status 200",
        "path": "::publish status 200",
        "id": "bf97aede7c5d844e94c724726bc2408d"
      }
    },
    "name": ""
  },
  "metrics": {
    "http_req_receiving": {
      "med": 0.138222,
      "max": 0.291641,
      "p(90)": 0.1740176,
      "p(95)": 0.18234199999999995,
      "avg": 0.14420511299435018,
      "min": 0.098196
    },
    "http_req_duration{expected_response:true}": {
      "avg": 15314.464008146886,
      "min": 635.836725,
      "med": 17265.785389,
      "max": 24296.085802,
      "p(90)": 23593.4064222,
      "p(95)": 23925.8806364
    },
    "checks": {
      "passes": 177,
      "fails": 0,
      "value": 1
    },
    "http_req_connecting": {
      "avg": 0.04497657627118644,
      "min": 0,
      "med": 0,
      "max": 0.504621,
      "p(90)": 0.29074560000000005,
      "p(95)": 0.32883379999999984
    },
    "http_req_sending": {
      "min": 0.041184,
      "med": 0.058362,
      "max": 0.444727,
      "p(90)": 0.11061660000000001,
      "p(95)": 0.1437867999999999,
      "avg": 0.07128862146892652
    },
    "http_req_tls_handshaking": {
      "p(90)": 0,
      "p(95)": 0,
      "avg": 0,
      "min": 0,
      "med": 0,
      "max": 0
    },
    "vus_max": {
      "value": 23,
      "min": 20,
      "max": 23
    },
    "data_sent": {
      "count": 148857,
      "rate": 733.1931185863514
    },
    "http_req_waiting": {
      "avg": 15314.248514412435,
      "min": 635.490805,
      "med": 17265.615781,
      "max": 24295.915832,
      "p(90)": 23593.208979799998,
      "p(95)": 23925.640187999998
    },
    "vus": {
      "max": 22,
      "value": 1,
      "min": 0
    },
    "data_received": {
      "rate": 130.77166205464056,
      "count": 26550
    },
    "dropped_iterations": {
      "count": 3,
      "rate": 0.014776458989224922
    },
    "iterations": {
      "rate": 0.8718110803642704,
      "count": 177
    },
    "http_reqs": {
      "count": 177,
      "rate": 0.8718110803642704
    },
    "http_req_failed": {
      "passes": 0,
      "fails": 177,
      "value": 0
    },
    "iteration_duration": {
      "avg": 15325.594987514129,
      "min": 647.682025,
      "med": 17276.633986,
      "max": 24306.964272,
      "p(90)": 23604.304554799997,
      "p(95)": 23936.7682282
    },
    "http_req_duration": {
      "p(90)": 23593.4064222,
      "p(95)": 23925.8806364,
      "avg": 15314.464008146886,
      "min": 635.836725,
      "med": 17265.785389,
      "max": 24296.085802
    },
    "http_req_blocked": {
      "max": 1.369261,
      "p(90)": 0.41968920000000004,
      "p(95)": 0.4640985999999998,
      "avg": 0.08022793785310733,
      "min": 0.011434,
      "med": 0.013899
    }
  }
}