{
  "root_group": {
    "name": "",
    "path": "",
    "id": "d41d8cd98f00b204e9800998ecf8427e",
    "groups": {},
    "checks": {
      "publish status 200": {
        "passes": 181,
        "fails": 0,
        "name": "publish status 200",
        "path": "::publish status 200",
        "id": "bf97aede7c5d844e94c724726bc2408d"
      }
    }
  },
  "metrics": {
    "http_req_connecting": {
      "avg": 0.03520512154696133,
      "min": 0,
      "med": 0,
      "max": 0.5226,
      "p(90)": 0.244916,
      "p(95)": 0.301029
    },
    "http_req_sending": {
      "min": 0.03652,
      "med": 0.05546,
      "max": 0.315291,
      "p(90)": 0.099664,
      "p(95)": 0.144143,
      "avg": 0.06870239779005524
    },
    "http_req_duration{expected_response:true}": {
      "avg": 1174.5423817513815,
      "min": 402.420966,
      "med": 1160.944386,
      "max": 2398.794554,
      "p(90)": 1722.378517,
      "p(95)": 1831.9557
    },
    "vus_max": {
      "min": 20,
      "max": 20,
      "value": 20
    },
    "http_req_waiting": {
      "avg": 1174.3271312320448,
      "min": 402.243221,
      "med": 1160.754611,
      "max": 2398.559328,
      "p(90)": 1722.161737,
      "p(95)": 1831.780453
    },
    "data_sent": {
      "count": 76201,
      "rate": 420.29409783678045
    },
    "http_req_failed": {
      "fails": 181,
      "passes": 0,
      "value": 0
    },
    "http_req_blocked": {
      "max": 1.291547,
      "p(90)": 0.362255,
      "p(95)": 0.440963,
      "avg": 0.07181035911602208,
      "min": 0.011427,
      "med": 0.01383
    },
    "vus": {
      "value": 1,
      "min": 0,
      "max": 2
    },
    "iteration_duration": {
      "med": 1171.826109,
      "max": 2410.587965,
      "p(90)": 1733.212031,
      "p(95)": 1842.88701,
      "avg": 1185.5436291712704,
      "min": 413.214719
    },
    "iterations": {
      "count": 181,
      "rate": 0.99832327277145
    },
    "http_req_tls_handshaking": {
      "avg": 0,
      "min": 0,
      "med": 0,
      "max": 0,
      "p(90)": 0,
      "p(95)": 0
    },
    "http_reqs": {
      "count": 181,
      "rate": 0.99832327277145
    },
    "checks": {
      "passes": 181,
      "fails": 0,
      "value": 1
    },
    "data_received": {
      "count": 27150,
      "rate": 149.7484909157175
    },
    "http_req_receiving": {
      "med": 0.135334,
      "max": 0.582757,
      "p(90)": 0.178167,
      "p(95)": 0.206469,
      "avg": 0.1465481215469612,
      "min": 0.102713
    },
    "http_req_duration": {
      "avg": 1174.5423817513815,
      "min": 402.420966,
      "med": 1160.944386,
      "max": 2398.794554,
      "p(90)": 1722.378517,
      "p(95)": 1831.9557
    }
  }
}