{
  "root_group": {
    "groups": {},
    "checks": {
      "publish status 200": {
        "name": "publish status 200",
        "path": "::publish status 200",
        "id": "bf97aede7c5d844e94c724726bc2408d",
        "passes": 178,
        "fails": 0
      }
    },
    "name": "",
    "path": "",
    "id": "d41d8cd98f00b204e9800998ecf8427e"
  },
  "metrics": {
    "iteration_duration": {
      "min": 718.920704,
      "med": 19756.5241015,
      "max": 22943.157475,
      "p(90)": 22105.3988111,
      "p(95)": 22379.32762815,
      "avg": 17172.133959359548
    },
    "vus": {
      "value": 2,
      "min": 0,
      "max": 22
    },
    "http_req_sending": {
      "max": 0.990704,
      "p(90)": 0.09938370000000002,
      "p(95)": 0.15439525,
      "avg": 0.0685442752808989,
      "min": 0.036475,
      "med": 0.0523915
    },
    "http_req_failed": {
      "passes": 0,
      "fails": 178,
      "value": 0
    },
    "http_reqs": {
      "count": 178,
      "rate": 0.882422819879434
    },
    "http_req_duration": {
      "med": 19745.678871,
      "max": 22932.407901,
      "p(90)": 22094.4226631,
      "p(95)": 22368.4051613,
      "avg": 17161.08906826966,
      "min": 706.281201
    },
    "iterations": {
      "count": 178,
      "rate": 0.882422819879434
    },
    "http_req_tls_handshaking": {
      "max": 0,
      "p(90)": 0,
      "p(95)": 0,
      "avg": 0,
      "min": 0,
      "med": 0
    },
    "vus_max": {
      "max": 23,
      "value": 23,
      "min": 20
    },
    "dropped_iterations": {
      "count": 3,
      "rate": 0.014872294717069114
    },
    "checks": {
      "passes": 178,
      "fails": 0,
      "value": 1
    },
    "data_received": {
      "rate": 132.3634229819151,
      "count": 26700
    },
    "http_req_connecting": {
      "avg": 0.042185696629213496,
      "min": 0,
      "med": 0,
      "max": 0.873551,
      "p(90)": 0.2585340000000001,
      "p(95)": 0.3146675
    },
    "http_req_waiting": {
      "avg": 17160.874167544946,
      "min": 705.957113,
      "med": 19745.496133499997,
      "max": 22932.219813,
      "p(90)": 22094.1951666,
      "p(95)": 22368.2194307
    },
    "http_req_duration{expected_response:true}": {
      "avg": 17161.08906826966,
      "min": 706.281201,
      "med": 19745.678871,
      "max": 22932.407901,
      "p(90)": 22094.4226631,
      "p(95)": 22368.4051613
    },
    "http_req_receiving": {
      "min": 0.084693,
      "med": 0.13879,
      "max": 0.823742,
      "p(90)": 0.17838590000000004,
      "p(95)": 0.19091545000000001,
      "avg": 0.14635644943820228
    },
    "data_sent": {
      "count": 149698,
      "rate": 742.1175915186041
    },
    "http_req_blocked": {
      "max": 1.524709,
      "p(90)": 0.3880442000000003,
      "p(95)": 0.45484490000000005,
      "avg": 0.0793150955056179,
      "min": 0.011158,
      "med": 0.0137605
    }
  }
}