{
  "metrics": {
    "checks": {
      "passes": 180,
      "fails": 0,
      "value": 1
    },
    "http_req_failed": {
      "passes": 0,
      "fails": 180,
      "value": 0
    },
    "vus_max": {
      "value": 20,
      "min": 20,
      "max": 20
    },
    "http_req_duration": {
      "p(95)": 1428.9876626499981,
      "avg": 956.8278342833333,
      "min": 390.679874,
      "med": 944.5033545,
      "max": 2077.894473,
      "p(90)": 1352.5517161999999
    },
    "vus": {
      "value": 1,
      "min": 0,
      "max": 2
    },
    "iterations": {
      "count": 180,
      "rate": 0.9999629690657854
    },
    "http_req_waiting": {
      "med": 944.327987,
      "max": 2077.70714,
      "p(90)": 1352.3564419,
      "p(95)": 1428.7423633999983,
      "avg": 956.6176196388891,
      "min": 389.838647
    },
    "http_req_receiving": {
      "p(90)": 0.177056,
      "p(95)": 0.19463649999999996,
      "avg": 0.1405684444444444,
      "min": 0.094132,
      "med": 0.134059,
      "max": 0.260571
    },
    "http_reqs": {
      "count": 180,
      "rate": 0.9999629690657854
    },
    "http_req_duration{expected_response:true}": {
      "p(90)": 1352.5517161999999,
      "p(95)": 1428.9876626499981,
      "avg": 956.8278342833333,
      "min": 390.679874,
      "med": 944.5033545,
      "max": 2077.894473
    },
    "iteration_duration": {
      "p(95)": 1439.820195399998,
      "avg": 967.8279282222221,
      "min": 404.709261,
      "med": 955.4225409999999,
      "max": 2088.757937,
      "p(90)": 1363.3677822
    },
    "data_sent": {
      "count": 75780,
      "rate": 420.98440997669564
    },
    "http_req_connecting": {
      "avg": 0.03757813333333333,
      "min": 0,
      "med": 0,
      "max": 0.514015,
      "p(90)": 0.27863659999999996,
      "p(95)": 0.32679574999999994
    },
    "data_received": {
      "count": 27000,
      "rate": 149.9944453598678
    },
    "http_req_blocked": {
      "avg": 0.07376014444444444,
      "min": 0.01082,
      "med": 0.013264999999999999,
      "max": 1.919733,
      "p(90)": 0.3904179,
      "p(95)": 0.48311224999999997
    },
    "http_req_tls_handshaking": {
      "med": 0,
      "max": 0,
      "p(90)": 0,
      "p(95)": 0,
      "avg": 0,
      "min": 0
    },
    "http_req_sending": {
      "min": 0.034874,
      "med": 0.052937,
      "max": 0.580656,
      "p(90)": 0.10817459999999997,
      "p(95)": 0.1542892,
      "avg": 0.06964619999999999
    }
  },
  "root_group": {
    "name": "",
    "path": "",
    "id": "d41d8cd98f00b204e9800998ecf8427e",
    "groups": {},
    "checks": {
      "publish status 200": {
        "path": "::publish status 200",
        "id": "bf97aede7c5d844e94c724726bc2408d",
        "passes": 180,
        "fails": 0,
        "name": "publish status 200"
      }
    }
  }
}