{
  "metrics": {
    "iterations": {
      "count": 177,
      "rate": 0.8631654240693413
    },
    "http_req_blocked": {
      "avg": 0.08474442372881358,
      "min": 0.011371,
      "med": 0.013491,
      "max": 1.312321,
      "p(90)": 0.4030926,
      "p(95)": 0.4689634
    },
    "http_req_receiving": {
      "avg": 0.1452465084745763,
      "min": 0.097167,
      "med": 0.136652,
      "max": 0.274948,
      "p(90)": 0.1841492,
      "p(95)": 0.20277619999999996
    },
    "http_req_tls_handshaking": {
      "p(90)": 0,
      "p(95)": 0,
      "avg": 0,
      "min": 0,
      "med": 0,
      "max": 0
    },
    "vus": {
      "value": 1,
      "min": 0,
      "max": 23
    },
    "data_sent": {
      "count": 148857,
      "rate": 725.922121642316
    },
    "data_received": {
      "rate": 129.47481361040118,
      "count": 26550
    },
    "http_req_waiting": {
      "avg": 15288.7717781243,
      "min": 561.641763,
      "med": 20241.392967,
      "max": 25047.086494,
      "p(90)": 23640.8569004,
      "p(95)": 24087.4272332
    },
    "http_req_sending": {
      "avg": 0.06506376271186447,
      "min": 0.034207,
      "med": 0.054345,
      "max": 0.202216,
      "p(90)": 0.09848920000000003,
      "p(95)": 0.14137339999999995
    },
    "dropped_iterations": {
      "rate": 0.019506563255804323,
      "count": 4
    },
    "http_req_failed": {
      "fails": 177,
      "passes": 0,
      "value": 0
    },
    "http_req_duration{expected_response:true}": {
      "min": 561.826772,
      "med": 20241.603511,
      "max": 25047.250918,
      "p(90)": 23641.0433384,
      "p(95)": 24087.610199,
      "avg": 15288.982088395487
    },
    "http_reqs": {
      "count": 177,
      "rate": 0.8631654240693413
    },
    "http_req_duration": {
      "min": 561.826772,
      "med": 20241.603511,
      "max": 25047.250918,
      "p(90)": 23641.0433384,
      "p(95)": 24087.610199,
      "avg": 15288.982088395487
    },
    "vus_max": {
      "value": 24,
      "min": 20,
      "max": 24
    },
    "checks": {
      "fails": 0,
      "passes": 177,
      "value": 1
    },
    "http_req_connecting": {
      "p(90)": 0.28966040000000004,
      "p(95)": 0.32700680000000004,
      "avg": 0.0491993220338983,
      "min": 0,
      "med": 0,
      "max": 1.036726
    },
    "iteration_duration": {
      "max": 25058.083884,
      "p(90)": 23651.8862932,
      "p(95)": 24098.5562116,
      "avg": 15300.040354282482,
      "min": 572.721362,
      "med": 20252.393856
    }
  },
  "root_group": {
    "id": "d41d8cd98f00b204e9800998ecf8427e",
    "groups": {},
    "checks": {
      "publish status 200": {
        "name": "publish status 200",
        "path": "::publish status 200",
        "id": "bf97aede7c5d844e94c724726bc2408d",
        "passes": 177,
        "fails": 0
      }
    },
    "name": "",
    "path": ""
  }
}