{
  "root_group": {
    "groups": {},
    "checks": {
      "publish status 200": {
        "name": "publish status 200",
        "path": "::publish status 200",
        "id": "bf97aede7c5d844e94c724726bc2408d",
        "passes": 174,
        "fails": 0
      }
    },
    "name": "",
    "path": "",
    "id": "d41d8cd98f00b204e9800998ecf8427e"
  },
  "metrics": {
    "http_req_failed": {
      "passes": 0,
      "fails": 174,
      "value": 0
    },
    "http_req_waiting": {
      "max": 30069.495671,
      "p(90)": 28558.0616809,
      "p(95)": 29253.322337550002,
      "avg": 20658.254762390803,
      "min": 637.328655,
      "med": 23596.573168000003
    },
    "checks": {
      "passes": 174,
      "fails": 0,
      "value": 1
    },
    "iteration_duration": {
      "avg": 20669.570680735633,
      "min": 650.952801,
      "med": 23607.663024,
      "max": 30080.728867,
      "p(90)": 28569.3152772,
      "p(95)": 29264.37516625
    },
    "iterations": {
      "count": 174,
      "rate": 0.8335232487353316
    },
    "data_sent": {
      "count": 146508,
      "rate": 701.8265754351492
    },
    "dropped_iterations": {
      "count": 7,
      "rate": 0.03353254448935242
    },
    "http_req_duration": {
      "avg": 20658.472215258633,
      "min": 637.686777,
      "med": 23596.816352,
      "max": 30069.906675,
      "p(90)": 28558.283143,
      "p(95)": 29253.53484785
    },
    "http_req_blocked": {
      "avg": 0.08927905172413794,
      "min": 0.01059,
      "med": 0.013352,
      "max": 1.263528,
      "p(90)": 0.4200417,
      "p(95)": 0.48811724999999995
    },
    "vus_max": {
      "min": 20,
      "max": 27,
      "value": 27
    },
    "data_received": {
      "count": 26100,
      "rate": 125.02848731029974
    },
    "http_req_receiving": {
      "p(95)": 0.190763,
      "avg": 0.142867816091954,
      "min": 0.078016,
      "med": 0.1364805,
      "max": 0.284301,
      "p(90)": 0.1823544
    },
    "http_req_duration{expected_response:true}": {
      "min": 637.686777,
      "med": 23596.816352,
      "max": 30069.906675,
      "p(90)": 28558.283143,
      "p(95)": 29253.53484785,
      "avg": 20658.472215258633
    },
    "vus": {
      "min": 0,
      "max": 26,
      "value": 1
    },
    "http_reqs": {
      "count": 174,
      "rate": 0.8335232487353316
    },
    "http_req_connecting": {
      "p(90)": 0.28939990000000004,
      "p(95)": 0.31937684999999993,
      "avg": 0.05143552298850575,
      "min": 0,
      "med": 0,
      "max": 0.533399
    },
    "http_req_tls_handshaking": {
      "avg": 0,
      "min": 0,
      "med": 0,
      "max": 0,
      "p(90)": 0,
      "p(95)": 0
    },
    "http_req_sending": {
      "max": 0.544216,
      "p(90)": 0.12645560000000008,
      "p(95)": 0.16278249999999977,
      "avg": 0.07458505172413793,
      "min": 0.040446,
      "med": 0.0552675
    }
  }
}