{
  "metrics": {
    "http_req_failed": {
      "passes": 0,
      "fails": 174,
      "value": 0
    },
    "iteration_duration": {
      "avg": 21315.46514324713,
      "min": 2699.933974,
      "med": 22379.6209405,
      "max": 27898.883555,
      "p(90)": 26296.7283404,
      "p(95)": 26876.36951095
    },
    "dropped_iterations": {
      "count": 6,
      "rate": 0.029102935771947492
    },
    "vus": {
      "value": 1,
      "min": 1,
      "max": 25
    },
    "checks": {
      "passes": 174,
      "fails": 0,
      "value": 1
    },
    "http_req_receiving": {
      "avg": 0.14843294252873565,
      "min": 0.105996,
      "med": 0.142106,
      "max": 0.255392,
      "p(90)": 0.18297820000000006,
      "p(95)": 0.2009291
    },
    "http_req_connecting": {
      "p(90)": 0.2955974,
      "p(95)": 0.324808,
      "avg": 0.05318332183908047,
      "min": 0,
      "med": 0,
      "max": 0.771874
    },
    "http_req_sending": {
      "min": 0.033353,
      "med": 0.055864,
      "max": 0.336375,
      "p(90)": 0.10851950000000006,
      "p(95)": 0.1272671,
      "avg": 0.06795678160919538
    },
    "http_req_waiting": {
      "avg": 21304.15026588506,
      "min": 2685.472356,
      "med": 22368.377120999998,
      "max": 27887.838598,
      "p(90)": 26285.0359599,
      "p(95)": 26865.29346665
    },
    "http_reqs": {
      "count": 174,
      "rate": 0.8439851373864773
    },
    "http_req_duration{expected_response:true}": {
      "med": 22368.586123499997,
      "max": 27888.0426,
      "p(90)": 26285.2651997,
      "p(95)": 26865.494688249997,
      "avg": 21304.3666556092,
      "min": 2685.861719
    },
    "data_received": {
      "count": 26100,
      "rate": 126.59777060797158
    },
    "http_req_tls_handshaking": {
      "p(90)": 0,
      "p(95)": 0,
      "avg": 0,
      "min": 0,
      "med": 0,
      "max": 0
    },
    "http_req_blocked": {
      "avg": 0.09364025862068975,
      "min": 0.011597,
      "med": 0.013845,
      "max": 2.060315,
      "p(90)": 0.4219498,
      "p(95)": 0.4769776499999999
    },
    "data_sent": {
      "count": 146334,
      "rate": 709.7915005420274
    },
    "vus_max": {
      "max": 26,
      "value": 26,
      "min": 20
    },
    "http_req_duration": {
      "p(90)": 26285.2651997,
      "p(95)": 26865.494688249997,
      "avg": 21304.3666556092,
      "min": 2685.861719,
      "med": 22368.586123499997,
      "max": 27888.0426
    },
    "iterations": {
      "rate": 0.8439851373864773,
      "count": 174
    }
  },
  "root_group": {
    "name": "",
    "path": "",
    "id": "d41d8cd98f00b204e9800998ecf8427e",
    "groups": {},
    "checks": {
      "publish status 200": {
        "name": "publish status 200",
        "path": "::publish status 200",
        "id": "bf97aede7c5d844e94c724726bc2408d",
        "passes": 174,
        "fails": 0
      }
    }
  }
}