{
  "root_group": {
    "name": "",
    "path": "",
    "id": "d41d8cd98f00b204e9800998ecf8427e",
    "groups": {},
    "checks": {
      "publish status 200": {
        "name": "publish status 200",
        "path": "::publish status 200",
        "id": "bf97aede7c5d844e94c724726bc2408d",
        "passes": 181,
        "fails": 0
      }
    }
  },
  "metrics": {
    "http_req_blocked": {
      "avg": 0.07751882872928172,
      "min": 0.010914,
      "med": 0.013345,
      "max": 1.472112,
      "p(90)": 0.399036,
      "p(95)": 0.477724
    },
    "http_req_waiting": {
      "min": 353.493019,
      "med": 420.957564,
      "max": 697.926709,
      "p(90)": 491.218018,
      "p(95)": 525.226711,
      "avg": 429.81296383977883
    },
    "vus_max": {
      "value": 20,
      "min": 20,
      "max": 20
    },
    "http_req_sending": {
      "avg": 0.06871496685082874,
      "min": 0.040113,
      "med": 0.053384,
      "max": 0.627768,
      "p(90)": 0.102814,
      "p(95)": 0.14261
    },
    "checks": {
      "passes": 181,
      "fails": 0,
      "value": 1
    },
    "iterations": {
      "count": 181,
      "rate": 1.0034301960722616
    },
    "data_sent": {
      "count": 76201,
      "rate": 422.4441125464221
    },
    "http_req_duration": {
      "min": 353.65095,
      "med": 421.159665,
      "max": 698.141735,
      "p(90)": 491.386713,
      "p(95)": 525.460636,
      "avg": 430.02401541988974
    },
    "http_reqs": {
      "rate": 1.0034301960722616,
      "count": 181
    },
    "http_req_receiving": {
      "med": 0.13191,
      "max": 0.307933,
      "p(90)": 0.18652,
      "p(95)": 0.20074,
      "avg": 0.14233661325966848,
      "min": 0.103176
    },
    "http_req_connecting": {
      "avg": 0.03678165745856354,
      "min": 0,
      "med": 0,
      "max": 0.540646,
      "p(90)": 0.259793,
      "p(95)": 0.307913
    },
    "data_received": {
      "count": 27150,
      "rate": 150.51452941083923
    },
    "iteration_duration": {
      "avg": 441.04882379005545,
      "min": 364.44055,
      "med": 431.978908,
      "max": 708.9913,
      "p(90)": 503.06153,
      "p(95)": 536.261577
    },
    "http_req_duration{expected_response:true}": {
      "min": 353.65095,
      "med": 421.159665,
      "max": 698.141735,
      "p(90)": 491.386713,
      "p(95)": 525.460636,
      "avg": 430.02401541988974
    },
    "http_req_tls_handshaking": {
      "avg": 0,
      "min": 0,
      "med": 0,
      "max": 0,
      "p(90)": 0,
      "p(95)": 0
    },
    "vus": {
      "value": 0,
      "min": 0,
      "max": 0
    },
    "http_req_failed": {
      "passes": 0,
      "fails": 181,
      "value": 0
    }
  }
}