{
  "root_group": {
    "name": "",
    "path": "",
    "id": "d41d8cd98f00b204e9800998ecf8427e",
    "groups": {},
    "checks": {
      "publish status 200": {
        "name": "publish status 200",
        "path": "::publish status 200",
        "id": "bf97aede7c5d844e94c724726bc2408d",
        "passes": 176,
        "fails": 0
      }
    }
  },
  "metrics": {
    "vus": {
      "max": 24,
      "value": 1,
      "min": 0
    },
    "http_reqs": {
      "count": 176,
      "rate": 0.8926419284278614
    },
    "http_req_sending": {
      "p(95)": 0.137436,
      "avg": 0.06874225568181812,
      "min": 0.036408,
      "med": 0.055006,
      "max": 0.232428,
      "p(90)": 0.105071
    },
    "http_req_waiting": {
      "min": 618.592522,
      "med": 19907.8437515,
      "max": 25905.816289,
      "p(90)": 24844.773223,
      "p(95)": 25083.3419845,
      "avg": 17573.021961482966
    },
    "data_received": {
      "count": 26400,
      "rate": 133.8962892641792
    },
    "http_req_duration": {
      "avg": 17573.24101442046,
      "min": 618.867446,
      "med": 19908.035294,
      "max": 25906.016324,
      "p(90)": 24844.989354,
      "p(95)": 25083.547157499997
    },
    "data_sent": {
      "count": 148016,
      "rate": 750.7118618078314
    },
    "dropped_iterations": {
      "count": 5,
      "rate": 0.025359145693973333
    },
    "vus_max": {
      "value": 25,
      "min": 20,
      "max": 25
    },
    "http_req_connecting": {
      "min": 0,
      "med": 0,
      "max": 0.507238,
      "p(90)": 0.27990550000000003,
      "p(95)": 0.30334500000000003,
      "avg": 0.043392164772727275
    },
    "iterations": {
      "rate": 0.8926419284278614,
      "count": 176
    },
    "iteration_duration": {
      "p(95)": 25094.42723925,
      "avg": 17584.290144261347,
      "min": 630.382929,
      "med": 19918.8788315,
      "max": 25917.030317,
      "p(90)": 24855.920151
    },
    "checks": {
      "passes": 176,
      "fails": 0,
      "value": 1
    },
    "http_req_failed": {
      "passes": 0,
      "fails": 176,
      "value": 0
    },
    "http_req_duration{expected_response:true}": {
      "max": 25906.016324,
      "p(90)": 24844.989354,
      "p(95)": 25083.547157499997,
      "avg": 17573.24101442046,
      "min": 618.867446,
      "med": 19908.035294
    },
    "http_req_tls_handshaking": {
      "avg": 0,
      "min": 0,
      "med": 0,
      "max": 0,
      "p(90)": 0,
      "p(95)": 0
    },
    "http_req_blocked": {
      "avg": 0.08058739772727276,
      "min": 0.01064,
      "med": 0.013567,
      "max": 1.317616,
      "p(90)": 0.397166,
      "p(95)": 0.4694515
    },
    "http_req_receiving": {
      "avg": 0.15031068181818175,
      "min": 0.096389,
      "med": 0.144065,
      "max": 0.317109,
      "p(90)": 0.1932775,
      "p(95)": 0.220143
    }
  }
}