{
  "root_group": {
    "groups": {},
    "checks": {
      "publish status 200": {
        "passes": 181,
        "fails": 0,
        "name": "publish status 200",
        "path": "::publish status 200",
        "id": "bf97aede7c5d844e94c724726bc2408d"
      }
    },
    "name": "",
    "path": "",
    "id": "d41d8cd98f00b204e9800998ecf8427e"
  },
  "metrics": {
    "http_req_duration": {
      "max": 1077.965119,
      "p(90)": 455.869347,
      "p(95)": 499.243244,
      "avg": 403.7513879281771,
      "min": 334.084344,
      "med": 386.58845
    },
    "http_req_tls_handshaking": {
      "avg": 0,
      "min": 0,
      "med": 0,
      "max": 0,
      "p(90)": 0,
      "p(95)": 0
    },
    "http_req_sending": {
      "p(95)": 0.181079,
      "avg": 0.07906837569060766,
      "min": 0.042944,
      "med": 0.057645,
      "max": 0.688586,
      "p(90)": 0.124112
    },
    "iterations": {
      "count": 181,
      "rate": 1.0033928062109967
    },
    "http_req_receiving": {
      "max": 0.241374,
      "p(90)": 0.182998,
      "p(95)": 0.205008,
      "avg": 0.14175898895027622,
      "min": 0.102141,
      "med": 0.13352
    },
    "http_reqs": {
      "count": 181,
      "rate": 1.0033928062109967
    },
    "vus": {
      "value": 0,
      "min": 0,
      "max": 1
    },
    "http_req_failed": {
      "passes": 0,
      "fails": 181,
      "value": 0
    },
    "http_req_waiting": {
      "max": 1077.793446,
      "p(90)": 455.68044,
      "p(95)": 499.086203,
      "avg": 403.5305605635358,
      "min": 333.907716,
      "med": 386.394559
    },
    "iteration_duration": {
      "max": 1088.866116,
      "p(90)": 466.745654,
      "p(95)": 510.070021,
      "avg": 414.82238330939197,
      "min": 344.975994,
      "med": 397.521491
    },
    "data_sent": {
      "count": 76201,
      "rate": 422.4283714148296
    },
    "data_received": {
      "count": 27150,
      "rate": 150.5089209316495
    },
    "http_req_duration{expected_response:true}": {
      "p(95)": 499.243244,
      "avg": 403.7513879281771,
      "min": 334.084344,
      "med": 386.58845,
      "max": 1077.965119,
      "p(90)": 455.869347
    },
    "http_req_connecting": {
      "p(90)": 0.28942,
      "p(95)": 0.317044,
      "avg": 0.040114679558011054,
      "min": 0,
      "med": 0,
      "max": 0.746511
    },
    "checks": {
      "passes": 181,
      "fails": 0,
      "value": 1
    },
    "vus_max": {
      "value": 20,
      "min": 20,
      "max": 20
    },
    "http_req_blocked": {
      "p(90)": 0.419022,
      "p(95)": 0.486609,
      "avg": 0.07646654143646414,
      "min": 0.011507,
      "med": 0.013845,
      "max": 1.103024
    }
  }
}