{
  "root_group": {
    "name": "",
    "path": "",
    "id": "d41d8cd98f00b204e9800998ecf8427e",
    "groups": {},
    "checks": {
      "publish status 200": {
        "name": "publish status 200",
        "path": "::publish status 200",
        "id": "bf97aede7c5d844e94c724726bc2408d",
        "passes": 174,
        "fails": 0
      }
    }
  },
  "metrics": {
    "http_req_blocked": {
      "max": 1.565829,
      "p(90)": 0.43885810000000025,
      "p(95)": 0.5117344999999999,
      "avg": 0.09357772413793103,
      "min": 0.010669,
      "med": 0.013849
    },
    "checks": {
      "passes": 174,
      "fails": 0,
      "value": 1
    },
    "http_req_duration{expected_response:true}": {
      "avg": 19359.248466275872,
      "min": 1105.035101,
      "med": 22738.132396,
      "max": 28036.173162,
      "p(90)": 27049.803933000003,
      "p(95)": 27718.15604835
    },
    "http_req_waiting": {
      "med": 22737.9243485,
      "max": 28035.9713,
      "p(90)": 27049.593144500002,
      "p(95)": 27717.888807749998,
      "avg": 19359.03584997702,
      "min": 1104.718318
    },
    "http_req_failed": {
      "fails": 174,
      "passes": 0,
      "value": 0
    },
    "http_req_receiving": {
      "p(90)": 0.17657650000000003,
      "p(95)": 0.18882875,
      "avg": 0.1438037643678162,
      "min": 0.102875,
      "med": 0.13628649999999998,
      "max": 0.344386
    },
    "data_received": {
      "count": 26100,
      "rate": 127.03128149457953
    },
    "dropped_iterations": {
      "count": 6,
      "rate": 0.029202593447029777
    },
    "http_req_tls_handshaking": {
      "avg": 0,
      "min": 0,
      "med": 0,
      "max": 0,
      "p(90)": 0,
      "p(95)": 0
    },
    "http_req_sending": {
      "p(95)": 0.14668579999999998,
      "avg": 0.06881253448275863,
      "min": 0.033699,
      "med": 0.0541355,
      "max": 0.222388,
      "p(90)": 0.1229934
    },
    "iterations": {
      "count": 174,
      "rate": 0.8468752099638636
    },
    "data_sent": {
      "count": 146508,
      "rate": 713.0689267895731
    },
    "vus": {
      "value": 1,
      "min": 1,
      "max": 25
    },
    "vus_max": {
      "value": 26,
      "min": 20,
      "max": 26
    },
    "http_req_connecting": {
      "p(90)": 0.2904097,
      "p(95)": 0.3386971499999999,
      "avg": 0.05153938505747127,
      "min": 0,
      "med": 0,
      "max": 0.767413
    },
    "http_reqs": {
      "rate": 0.8468752099638636,
      "count": 174
    },
    "http_req_duration": {
      "avg": 19359.248466275872,
      "min": 1105.035101,
      "med": 22738.132396,
      "max": 28036.173162,
      "p(90)": 27049.803933000003,
      "p(95)": 27718.15604835
    },
    "iteration_duration": {
      "min": 1117.889311,
      "med": 22748.9427785,
      "max": 28046.925443,
      "p(90)": 27060.601272500004,
      "p(95)": 27729.0678055,
      "avg": 19370.325639568975
    }
  }
}