{
  "root_group": {
    "id": "d41d8cd98f00b204e9800998ecf8427e",
    "groups": {},
    "checks": {
      "publish status 200": {
        "name": "publish status 200",
        "path": "::publish status 200",
        "id": "bf97aede7c5d844e94c724726bc2408d",
        "passes": 181,
        "fails": 0
      }
    },
    "name": "",
    "path": ""
  },
  "metrics": {
    "http_req_duration": {
      "min": 367.878903,
      "med": 594.170073,
      "max": 1571.206175,
      "p(90)": 1056.30865,
      "p(95)": 1228.467774,
      "avg": 674.2989832375692
    },
    "http_reqs": {
      "count": 181,
      "rate": 1.0008394026301406
    },
    "http_req_duration{expected_response:true}": {
      "min": 367.878903,
      "med": 594.170073,
      "max": 1571.206175,
      "p(90)": 1056.30865,
      "p(95)": 1228.467774,
      "avg": 674.2989832375692
    },
    "http_req_blocked": {
      "max": 1.303261,
      "p(90)": 0.388845,
      "p(95)": 0.501208,
      "avg": 0.07411731491712704,
      "min": 0.011559,
      "med": 0.013723
    },
    "iterations": {
      "count": 181,
      "rate": 1.0008394026301406
    },
    "http_req_tls_handshaking": {
      "p(95)": 0,
      "avg": 0,
      "min": 0,
      "med": 0,
      "max": 0,
      "p(90)": 0
    },
    "vus_max": {
      "value": 20,
      "min": 20,
      "max": 20
    },
    "http_req_receiving": {
      "avg": 0.1421406906077348,
      "min": 0.085792,
      "med": 0.138329,
      "max": 0.278556,
      "p(90)": 0.171791,
      "p(95)": 0.193954
    },
    "http_req_failed": {
      "passes": 0,
      "fails": 181,
      "value": 0
    },
    "checks": {
      "passes": 181,
      "fails": 0,
      "value": 1
    },
    "data_received": {
      "count": 27150,
      "rate": 150.12591039452107
    },
    "data_sent": {
      "count": 76201,
      "rate": 421.3533885072892
    },
    "vus": {
      "max": 1,
      "value": 0,
      "min": 0
    },
    "http_req_sending": {
      "avg": 0.06479732596685082,
      "min": 0.036159,
      "med": 0.052414,
      "max": 0.262298,
      "p(90)": 0.097991,
      "p(95)": 0.130675
    },
    "iteration_duration": {
      "p(95)": 1239.339151,
      "avg": 685.3124026132595,
      "min": 378.67847,
      "med": 605.074784,
      "max": 1582.074955,
      "p(90)": 1067.318101
    },
    "http_req_waiting": {
      "max": 1571.023253,
      "p(90)": 1056.103568,
      "p(95)": 1228.301267,
      "avg": 674.0920452209945,
      "min": 367.71336,
      "med": 593.995688
    },
    "http_req_connecting": {
      "med": 0,
      "max": 0.513075,
      "p(90)": 0.271759,
      "p(95)": 0.31024,
      "avg": 0.037676281767955795,
      "min": 0
    }
  }
}