{
  "root_group": {
    "name": "",
    "path": "",
    "id": "d41d8cd98f00b204e9800998ecf8427e",
    "groups": {},
    "checks": {
      "publish status 200": {
        "passes": 179,
        "fails": 0,
        "name": "publish status 200",
        "path": "::publish status 200",
        "id": "bf97aede7c5d844e94c724726bc2408d"
      }
    }
  },
  "metrics": {
    "http_req_duration": {
      "p(95)": 23362.739696599998,
      "avg": 15620.676351972064,
      "min": 640.057011,
      "med": 17826.656109,
      "max": 23883.888107,
      "p(90)": 22723.5040268
    },
    "http_req_connecting": {
      "p(90)": 0.28793120000000005,
      "p(95)": 0.3230653,
      "avg": 0.04010407262569833,
      "min": 0,
      "med": 0,
      "max": 0.504415
    },
    "http_req_sending": {
      "p(95)": 0.12902639999999999,
      "avg": 0.06654802234636872,
      "min": 0.034075,
      "med": 0.055249,
      "max": 0.230394,
      "p(90)": 0.10561880000000001
    },
    "iterations": {
      "count": 179,
      "rate": 0.8789610499702458
    },
    "http_req_waiting": {
      "p(95)": 23362.494503100002,
      "avg": 15620.470232653624,
      "min": 639.772485,
      "med": 17826.444467,
      "max": 23883.718856,
      "p(90)": 22723.3294772
    },
    "iteration_duration": {
      "max": 23894.931932,
      "p(90)": 22734.4156942,
      "p(95)": 23373.571021400003,
      "avg": 15631.719263212291,
      "min": 653.324855,
      "med": 17837.621622
    },
    "vus_max": {
      "min": 20,
      "max": 22,
      "value": 22
    },
    "checks": {
      "passes": 179,
      "fails": 0,
      "value": 1
    },
    "data_received": {
      "count": 26850,
      "rate": 131.84415749553688
    },
    "dropped_iterations": {
      "count": 2,
      "rate": 0.009820793854416154
    },
    "http_req_receiving": {
      "p(90)": 0.16937020000000003,
      "p(95)": 0.1816886,
      "avg": 0.1395712960893856,
      "min": 0.0871,
      "med": 0.134002,
      "max": 0.238287
    },
    "vus": {
      "value": 1,
      "min": 0,
      "max": 21
    },
    "http_reqs": {
      "count": 179,
      "rate": 0.8789610499702458
    },
    "http_req_duration{expected_response:true}": {
      "med": 17826.656109,
      "max": 23883.888107,
      "p(90)": 22723.5040268,
      "p(95)": 23362.739696599998,
      "avg": 15620.676351972064,
      "min": 640.057011
    },
    "http_req_blocked": {
      "avg": 0.07446703351955306,
      "min": 0.0111,
      "med": 0.013688,
      "max": 1.199618,
      "p(90)": 0.4097198000000001,
      "p(95)": 0.47970660000000004
    },
    "data_sent": {
      "count": 150539,
      "rate": 739.2062430249767
    },
    "http_req_tls_handshaking": {
      "p(95)": 0,
      "avg": 0,
      "min": 0,
      "med": 0,
      "max": 0,
      "p(90)": 0
    },
    "http_req_failed": {
      "passes": 0,
      "fails": 179,
      "value": 0
    }
  }
}