{
  "root_group": {
    "name": "",
    "path": "",
    "id": "d41d8cd98f00b204e9800998ecf8427e",
    "groups": {},
    "checks": {
      "publish status 200": {
        "name": "publish status 200",
        "path": "::publish status 200",
        "id": "bf97aede7c5d844e94c724726bc2408d",
        "passes": 173,
        "fails": 0
      }
    }
  },
  "metrics": {
    "http_req_sending": {
      "med": 0.053856,
      "max": 29.144679,
      "p(90)": 0.11225620000000008,
      "p(95)": 0.1408526,
      "avg": 0.23408257225433554,
      "min": 0.035118
    },
    "iterations": {
      "rate": 0.823825270750971,
      "count": 173
    },
    "dropped_iterations": {
      "count": 7,
      "rate": 0.03333397049281386
    },
    "http_reqs": {
      "count": 173,
      "rate": 0.823825270750971
    },
    "http_req_duration": {
      "avg": 21147.415684971103,
      "min": 749.725737,
      "med": 26016.218885,
      "max": 31008.599747,
      "p(90)": 27702.6272504,
      "p(95)": 29287.811334
    },
    "vus": {
      "value": 1,
      "min": 0,
      "max": 26
    },
    "http_req_receiving": {
      "max": 1.163982,
      "p(90)": 0.17497880000000002,
      "p(95)": 0.19313420000000003,
      "avg": 0.14554669364161849,
      "min": 0.08921,
      "med": 0.131499
    },
    "vus_max": {
      "min": 20,
      "max": 27,
      "value": 27
    },
    "checks": {
      "passes": 173,
      "fails": 0,
      "value": 1
    },
    "http_req_waiting": {
      "p(90)": 27702.402837200003,
      "p(95)": 29287.642461200005,
      "avg": 21147.036055705204,
      "min": 749.410669,
      "med": 26016.079955,
      "max": 31008.42515
    },
    "data_sent": {
      "count": 145493,
      "rate": 692.8370527015666
    },
    "iteration_duration": {
      "avg": 21158.465312982655,
      "min": 761.366325,
      "med": 26027.031095,
      "max": 31019.388665,
      "p(90)": 27713.5243062,
      "p(95)": 29298.674672600002
    },
    "http_req_blocked": {
      "avg": 0.2557499132947976,
      "min": 0.010321,
      "med": 0.013316,
      "max": 29.414027,
      "p(90)": 0.4169966000000001,
      "p(95)": 0.5028240000000003
    },
    "http_req_connecting": {
      "avg": 0.05086164739884393,
      "min": 0,
      "med": 0,
      "max": 0.551937,
      "p(90)": 0.28270120000000004,
      "p(95)": 0.3304648000000001
    },
    "http_req_tls_handshaking": {
      "p(90)": 0,
      "p(95)": 0,
      "avg": 0,
      "min": 0,
      "med": 0,
      "max": 0
    },
    "data_received": {
      "count": 25950,
      "rate": 123.57379061264564
    },
    "http_req_duration{expected_response:true}": {
      "avg": 21147.415684971103,
      "min": 749.725737,
      "med": 26016.218885,
      "max": 31008.599747,
      "p(90)": 27702.6272504,
      "p(95)": 29287.811334
    },
    "http_req_failed": {
      "fails": 173,
      "passes": 0,
      "value": 0
    }
  }
}