{
  "root_group": {
    "path": "",
    "id": "d41d8cd98f00b204e9800998ecf8427e",
    "groups": {},
    "checks": {
      "publish status 200": {
        "passes": 175,
        "fails": 0,
        "name": "publish status 200",
        "path": "::publish status 200",
        "id": "bf97aede7c5d844e94c724726bc2408d"
      }
    },
    "name": ""
  },
  "metrics": {
    "http_req_failed": {
      "passes": 0,
      "fails": 175,
      "value": 0
    },
    "checks": {
      "fails": 0,
      "passes": 175,
      "value": 1
    },
    "http_req_tls_handshaking": {
      "p(90)": 0,
      "p(95)": 0,
      "avg": 0,
      "min": 0,
      "med": 0,
      "max": 0
    },
    "data_received": {
      "count": 26250,
      "rate": 128.66341249119884
    },
    "iterations": {
      "count": 175,
      "rate": 0.8577560832746589
    },
    "http_req_duration{expected_response:true}": {
      "p(95)": 25272.9904897,
      "avg": 16513.219371388568,
      "min": 748.185889,
      "med": 18810.897082,
      "max": 25610.320953,
      "p(90)": 25021.9420066
    },
    "http_req_connecting": {
      "p(95)": 0.33199939999999994,
      "avg": 0.04823028000000001,
      "min": 0,
      "med": 0,
      "max": 0.601605,
      "p(90)": 0.28564999999999996
    },
    "vus_max": {
      "value": 25,
      "min": 20,
      "max": 25
    },
    "vus": {
      "value": 1,
      "min": 0,
      "max": 24
    },
    "dropped_iterations": {
      "count": 5,
      "rate": 0.024507316664990255
    },
    "http_req_sending": {
      "min": 0.035316,
      "med": 0.05584,
      "max": 2.737126,
      "p(90)": 0.1057128,
      "p(95)": 0.14127299999999998,
      "avg": 0.08179213714285712
    },
    "http_req_waiting": {
      "min": 747.903139,
      "med": 18810.680961,
      "max": 25610.128537,
      "p(90)": 25021.7765504,
      "p(95)": 25272.805689200002,
      "avg": 16512.991475468563
    },
    "data_sent": {
      "count": 147175,
      "rate": 721.3728660339882
    },
    "http_reqs": {
      "count": 175,
      "rate": 0.8577560832746589
    },
    "http_req_duration": {
      "min": 748.185889,
      "med": 18810.897082,
      "max": 25610.320953,
      "p(90)": 25021.9420066,
      "p(95)": 25272.9904897,
      "avg": 16513.219371388568
    },
    "http_req_receiving": {
      "p(90)": 0.18206319999999998,
      "p(95)": 0.21515420000000002,
      "avg": 0.14610378285714287,
      "min": 0.084501,
      "med": 0.138827,
      "max": 0.480772
    },
    "iteration_duration": {
      "med": 18821.735644,
      "max": 25621.184524,
      "p(90)": 25032.7549088,
      "p(95)": 25283.9027823,
      "avg": 16524.34157692,
      "min": 760.223608
    },
    "http_req_blocked": {
      "min": 0.011368,
      "med": 0.014023,
      "max": 5.667245,
      "p(90)": 0.40828739999999997,
      "p(95)": 0.4744355999999998,
      "avg": 0.11399895999999998
    }
  }
}