{
  "root_group": {
    "id": "d41d8cd98f00b204e9800998ecf8427e",
    "groups": {},
    "checks": {
      "publish status 200": {
        "path": "::publish status 200",
        "id": "bf97aede7c5d844e94c724726bc2408d",
        "passes": 176,
        "fails": 0,
        "name": "publish status 200"
      }
    },
    "name": "",
    "path": ""
  },
  "metrics": {
    "http_req_connecting": {
      "avg": 0.04911314772727272,
      "min": 0,
      "med": 0,
      "max": 0.595117,
      "p(90)": 0.29993400000000003,
      "p(95)": 0.34399025000000005
    },
    "http_req_waiting": {
      "avg": 18293.716515823853,
      "min": 637.739998,
      "med": 22557.851477,
      "max": 24652.966746,
      "p(90)": 24289.2590635,
      "p(95)": 24436.864165749997
    },
    "http_req_receiving": {
      "avg": 0.1509513522727273,
      "min": 0.109734,
      "med": 0.142213,
      "max": 0.523647,
      "p(90)": 0.18549,
      "p(95)": 0.22136125
    },
    "vus": {
      "min": 0,
      "max": 24,
      "value": 1
    },
    "http_reqs": {
      "count": 176,
      "rate": 0.8606267188351285
    },
    "http_req_duration": {
      "p(95)": 24437.070055750002,
      "avg": 18293.939023210234,
      "min": 638.108666,
      "med": 22558.039415,
      "max": 24653.136042,
      "p(90)": 24289.476228
    },
    "http_req_tls_handshaking": {
      "avg": 0,
      "min": 0,
      "med": 0,
      "max": 0,
      "p(90)": 0,
      "p(95)": 0
    },
    "http_req_failed": {
      "fails": 176,
      "passes": 0,
      "value": 0
    },
    "data_sent": {
      "count": 148016,
      "rate": 723.7870705403432
    },
    "http_req_sending": {
      "avg": 0.07155603409090906,
      "min": 0.033981,
      "med": 0.055362499999999995,
      "max": 0.32737,
      "p(90)": 0.13222299999999998,
      "p(95)": 0.1524335
    },
    "data_received": {
      "count": 26400,
      "rate": 129.09400782526927
    },
    "vus_max": {
      "value": 25,
      "min": 20,
      "max": 25
    },
    "http_req_blocked": {
      "avg": 0.08813960227272727,
      "min": 0.011701,
      "med": 0.0138075,
      "max": 1.515077,
      "p(90)": 0.44428449999999997,
      "p(95)": 0.5042055
    },
    "dropped_iterations": {
      "count": 5,
      "rate": 0.024449622694179787
    },
    "iteration_duration": {
      "avg": 18305.03926796591,
      "min": 649.783916,
      "med": 22569.257216500002,
      "max": 24664.01858,
      "p(90)": 24300.484641,
      "p(95)": 24448.146160750002
    },
    "iterations": {
      "count": 176,
      "rate": 0.8606267188351285
    },
    "checks": {
      "passes": 176,
      "fails": 0,
      "value": 1
    },
    "http_req_duration{expected_response:true}": {
      "min": 638.108666,
      "med": 22558.039415,
      "max": 24653.136042,
      "p(90)": 24289.476228,
      "p(95)": 24437.070055750002,
      "avg": 18293.939023210234
    }
  }
}