{
  "root_group": {
    "path": "",
    "id": "d41d8cd98f00b204e9800998ecf8427e",
    "groups": {},
    "checks": {
      "publish status 200": {
        "passes": 180,
        "fails": 0,
        "name": "publish status 200",
        "path": "::publish status 200",
        "id": "bf97aede7c5d844e94c724726bc2408d"
      }
    },
    "name": ""
  },
  "metrics": {
    "data_received": {
      "count": 27000,
      "rate": 149.99911528188485
    },
    "http_req_receiving": {
      "min": 0.078861,
      "med": 0.135248,
      "max": 0.263982,
      "p(90)": 0.1782639,
      "p(95)": 0.19698989999999994,
      "avg": 0.14395027777777777
    },
    "http_req_sending": {
      "avg": 0.0677208722222222,
      "min": 0.035396,
      "med": 0.0522035,
      "max": 0.285279,
      "p(90)": 0.1215165,
      "p(95)": 0.14953154999999993
    },
    "http_req_failed": {
      "passes": 0,
      "fails": 180,
      "value": 0
    },
    "checks": {
      "passes": 180,
      "fails": 0,
      "value": 1
    },
    "http_req_waiting": {
      "max": 1822.128175,
      "p(90)": 1294.9182449999996,
      "p(95)": 1444.2828927,
      "avg": 903.5999061888889,
      "min": 351.768387,
      "med": 846.1202760000001
    },
    "iteration_duration": {
      "p(95)": 1455.3327072999998,
      "avg": 914.8147624722225,
      "min": 364.775745,
      "med": 857.563461,
      "max": 1833.104251,
      "p(90)": 1306.1517061999998
    },
    "http_req_tls_handshaking": {
      "avg": 0,
      "min": 0,
      "med": 0,
      "max": 0,
      "p(90)": 0,
      "p(95)": 0
    },
    "vus_max": {
      "value": 20,
      "min": 20,
      "max": 20
    },
    "http_req_connecting": {
      "avg": 0.039371316666666656,
      "min": 0,
      "med": 0,
      "max": 0.558024,
      "p(90)": 0.2791676,
      "p(95)": 0.32784899999999995
    },
    "data_sent": {
      "count": 75780,
      "rate": 420.99751689115686
    },
    "http_req_duration": {
      "p(90)": 1295.1244473999998,
      "p(95)": 1444.44888455,
      "avg": 903.8115773388893,
      "min": 352.077046,
      "med": 846.4012605,
      "max": 1822.290685
    },
    "http_req_duration{expected_response:true}": {
      "min": 352.077046,
      "med": 846.4012605,
      "max": 1822.290685,
      "p(90)": 1295.1244473999998,
      "p(95)": 1444.44888455,
      "avg": 903.8115773388893
    },
    "http_req_blocked": {
      "avg": 0.0741308666666666,
      "min": 0.011246,
      "med": 0.0135205,
      "max": 1.426094,
      "p(90)": 0.4263122999999999,
      "p(95)": 0.49446034999999977
    },
    "iterations": {
      "count": 180,
      "rate": 0.9999941018792324
    },
    "vus": {
      "value": 0,
      "min": 0,
      "max": 1
    },
    "http_reqs": {
      "count": 180,
      "rate": 0.9999941018792324
    }
  }
}