{
  "metrics": {
    "vus": {
      "value": 1,
      "min": 0,
      "max": 19
    },
    "http_req_waiting": {
      "avg": 8800.91315161111,
      "min": 613.78609,
      "med": 9710.550434,
      "max": 19032.548126,
      "p(90)": 17459.4448675,
      "p(95)": 18366.499036949997
    },
    "iteration_duration": {
      "med": 9721.6215635,
      "max": 19043.40553,
      "p(90)": 17470.5060872,
      "p(95)": 18377.66959655,
      "avg": 8812.216153799998,
      "min": 626.94517
    },
    "http_req_connecting": {
      "avg": 0.03765579444444445,
      "min": 0,
      "med": 0,
      "max": 0.590865,
      "p(90)": 0.2621146999999999,
      "p(95)": 0.31729444999999995
    },
    "http_req_failed": {
      "passes": 0,
      "fails": 180,
      "value": 0
    },
    "http_reqs": {
      "count": 180,
      "rate": 0.9236558569832339
    },
    "data_received": {
      "count": 27000,
      "rate": 138.5483785474851
    },
    "iterations": {
      "count": 180,
      "rate": 0.9236558569832339
    },
    "http_req_tls_handshaking": {
      "avg": 0,
      "min": 0,
      "med": 0,
      "max": 0,
      "p(90)": 0,
      "p(95)": 0
    },
    "http_req_duration": {
      "p(90)": 17459.6450145,
      "p(95)": 18366.71596735,
      "avg": 8801.124624205553,
      "min": 614.156224,
      "med": 9710.791514,
      "max": 19032.736488
    },
    "http_req_sending": {
      "avg": 0.06679849999999998,
      "min": 0.035155,
      "med": 0.052637500000000004,
      "max": 0.736954,
      "p(90)": 0.1040922,
      "p(95)": 0.12838344999999987
    },
    "http_req_receiving": {
      "avg": 0.14467409444444443,
      "min": 0.104395,
      "med": 0.138847,
      "max": 0.276007,
      "p(90)": 0.18106119999999998,
      "p(95)": 0.19352465
    },
    "data_sent": {
      "count": 151380,
      "rate": 776.7945757228998
    },
    "http_req_blocked": {
      "med": 0.0137105,
      "max": 1.265761,
      "p(90)": 0.36966989999999994,
      "p(95)": 0.5009629499999999,
      "avg": 0.07214824444444444,
      "min": 0.010908
    },
    "vus_max": {
      "value": 20,
      "min": 20,
      "max": 20
    },
    "checks": {
      "passes": 180,
      "fails": 0,
      "value": 1
    },
    "http_req_duration{expected_response:true}": {
      "p(90)": 17459.6450145,
      "p(95)": 18366.71596735,
      "avg": 8801.124624205553,
      "min": 614.156224,
      "med": 9710.791514,
      "max": 19032.736488
    }
  },
  "root_group": {
    "path": "",
    "id": "d41d8cd98f00b204e9800998ecf8427e",
    "groups": {},
    "checks": {
      "publish status 200": {
        "name": "publish status 200",
        "path": "::publish status 200",
        "id": "bf97aede7c5d844e94c724726bc2408d",
        "passes": 180,
        "fails": 0
      }
    },
    "name": ""
  }
}