{
  "root_group": {
    "id": "d41d8cd98f00b204e9800998ecf8427e",
    "groups": {},
    "checks": {
      "publish status 200": {
        "name": "publish status 200",
        "path": "::publish status 200",
        "id": "bf97aede7c5d844e94c724726bc2408d",
        "passes": 174,
        "fails": 0
      }
    },
    "name": "",
    "path": ""
  },
  "metrics": {
    "http_req_failed": {
      "passes": 0,
      "fails": 174,
      "value": 0
    },
    "vus_max": {
      "value": 27,
      "min": 20,
      "max": 27
    },
    "vus": {
      "value": 1,
      "min": 1,
      "max": 26
    },
    "http_req_sending": {
      "avg": 0.06752341954022985,
      "min": 0.035224,
      "med": 0.0527315,
      "max": 0.23137,
      "p(90)": 0.12328420000000004,
      "p(95)": 0.14894795
    },
    "data_received": {
      "count": 26100,
      "rate": 125.25018847098053
    },
    "data_sent": {
      "count": 146334,
      "rate": 702.2360566939642
    },
    "http_req_connecting": {
      "avg": 0.055024304597701156,
      "min": 0,
      "med": 0,
      "max": 0.71734,
      "p(90)": 0.29212570000000015,
      "p(95)": 0.3265266999999999
    },
    "iteration_duration": {
      "p(95)": 28001.5282747,
      "avg": 22977.49614427587,
      "min": 2010.080394,
      "med": 24519.386924500002,
      "max": 28533.392038,
      "p(90)": 27549.7600796
    },
    "iterations": {
      "count": 174,
      "rate": 0.8350012564732036
    },
    "http_req_receiving": {
      "med": 0.13265549999999998,
      "max": 0.226264,
      "p(90)": 0.1739989,
      "p(95)": 0.18848735,
      "avg": 0.14054806896551722,
      "min": 0.104233
    },
    "http_req_duration{expected_response:true}": {
      "avg": 22966.460012224135,
      "min": 1997.206342,
      "med": 24508.4987595,
      "max": 28522.561602,
      "p(90)": 27538.907139500003,
      "p(95)": 27990.4490347
    },
    "http_reqs": {
      "count": 174,
      "rate": 0.8350012564732036
    },
    "http_req_blocked": {
      "p(90)": 0.4126571,
      "p(95)": 0.5303474999999999,
      "avg": 0.09384219540229888,
      "min": 0.011003,
      "med": 0.013559000000000002,
      "max": 1.19369
    },
    "http_req_tls_handshaking": {
      "max": 0,
      "p(90)": 0,
      "p(95)": 0,
      "avg": 0,
      "min": 0,
      "med": 0
    },
    "dropped_iterations": {
      "count": 7,
      "rate": 0.03359200457076106
    },
    "http_req_duration": {
      "med": 24508.4987595,
      "max": 28522.561602,
      "p(90)": 27538.907139500003,
      "p(95)": 27990.4490347,
      "avg": 22966.460012224135,
      "min": 1997.206342
    },
    "http_req_waiting": {
      "min": 1996.898163,
      "med": 24508.318792500002,
      "max": 28522.375414,
      "p(90)": 27538.6997284,
      "p(95)": 27990.220517550002,
      "avg": 22966.25194073565
    },
    "checks": {
      "passes": 174,
      "fails": 0,
      "value": 1
    }
  }
}