{
  "root_group": {
    "name": "",
    "path": "",
    "id": "d41d8cd98f00b204e9800998ecf8427e",
    "groups": {},
    "checks": {
      "publish status 200": {
        "fails": 0,
        "name": "publish status 200",
        "path": "::publish status 200",
        "id": "bf97aede7c5d844e94c724726bc2408d",
        "passes": 177
      }
    }
  },
  "metrics": {
    "http_req_tls_handshaking": {
      "max": 0,
      "p(90)": 0,
      "p(95)": 0,
      "avg": 0,
      "min": 0,
      "med": 0
    },
    "http_req_connecting": {
      "avg": 0.04259690960451978,
      "min": 0,
      "med": 0,
      "max": 0.568457,
      "p(90)": 0.280069,
      "p(95)": 0.31619919999999996
    },
    "http_req_failed": {
      "passes": 0,
      "fails": 177,
      "value": 0
    },
    "http_req_blocked": {
      "avg": 0.08000594915254244,
      "min": 0.010622,
      "med": 0.013533,
      "max": 1.447803,
      "p(90)": 0.4104172000000001,
      "p(95)": 0.502983
    },
    "data_sent": {
      "count": 148857,
      "rate": 736.5595167664994
    },
    "data_received": {
      "count": 26550,
      "rate": 131.37208979188455
    },
    "iterations": {
      "count": 177,
      "rate": 0.875813931945897
    },
    "http_reqs": {
      "count": 177,
      "rate": 0.875813931945897
    },
    "http_req_duration": {
      "min": 636.0334,
      "med": 17775.96452,
      "max": 24021.901733,
      "p(90)": 22726.055452,
      "p(95)": 23008.578567,
      "avg": 15214.70500659322
    },
    "checks": {
      "passes": 177,
      "fails": 0,
      "value": 1
    },
    "http_req_receiving": {
      "min": 0.092172,
      "med": 0.141442,
      "max": 0.297473,
      "p(90)": 0.1833456,
      "p(95)": 0.192351,
      "avg": 0.14716707344632773
    },
    "vus": {
      "value": 1,
      "min": 0,
      "max": 22
    },
    "http_req_duration{expected_response:true}": {
      "avg": 15214.70500659322,
      "min": 636.0334,
      "med": 17775.96452,
      "max": 24021.901733,
      "p(90)": 22726.055452,
      "p(95)": 23008.578567
    },
    "http_req_waiting": {
      "avg": 15214.48492088136,
      "min": 635.689626,
      "med": 17775.786229,
      "max": 24021.68581,
      "p(90)": 22725.861611599998,
      "p(95)": 23008.3659838
    },
    "vus_max": {
      "value": 23,
      "min": 20,
      "max": 23
    },
    "dropped_iterations": {
      "count": 3,
      "rate": 0.01484430393128639
    },
    "iteration_duration": {
      "min": 649.469466,
      "med": 17786.805372,
      "max": 24032.710548,
      "p(90)": 22736.942396799997,
      "p(95)": 23019.381160999998,
      "avg": 15225.779401259886
    },
    "http_req_sending": {
      "avg": 0.07291863841807908,
      "min": 0.034687,
      "med": 0.054394,
      "max": 0.729986,
      "p(90)": 0.11606740000000002,
      "p(95)": 0.15045019999999995
    }
  }
}