{
  "root_group": {
    "name": "",
    "path": "",
    "id": "d41d8cd98f00b204e9800998ecf8427e",
    "groups": {},
    "checks": {
      "publish status 200": {
        "passes": 180,
        "fails": 0,
        "name": "publish status 200",
        "path": "::publish status 200",
        "id": "bf97aede7c5d844e94c724726bc2408d"
      }
    }
  },
  "metrics": {
    "http_req_duration": {
      "med": 1267.1831605,
      "max": 2621.977215,
      "p(90)": 2193.5335077,
      "p(95)": 2509.9648908,
      "avg": 1215.3827245055547,
      "min": 346.538375
    },
    "data_sent": {
      "count": 75780,
      "rate": 420.9982469375721
    },
    "iteration_duration": {
      "p(95)": 2526.97675235,
      "avg": 1226.4312744277777,
      "min": 357.34383,
      "med": 1278.39067,
      "max": 2632.787774,
      "p(90)": 2204.37808
    },
    "vus": {
      "value": 0,
      "min": 0,
      "max": 2
    },
    "vus_max": {
      "min": 20,
      "max": 20,
      "value": 20
    },
    "checks": {
      "passes": 180,
      "fails": 0,
      "value": 1
    },
    "http_req_duration{expected_response:true}": {
      "p(95)": 2509.9648908,
      "avg": 1215.3827245055547,
      "min": 346.538375,
      "med": 1267.1831605,
      "max": 2621.977215,
      "p(90)": 2193.5335077
    },
    "http_req_waiting": {
      "p(90)": 2193.3261136,
      "p(95)": 2509.76859775,
      "avg": 1215.1680486055557,
      "min": 346.371748,
      "med": 1266.939675,
      "max": 2621.802428
    },
    "http_req_connecting": {
      "med": 0,
      "max": 0.766985,
      "p(90)": 0.24794639999999998,
      "p(95)": 0.3400355499999999,
      "avg": 0.04145457777777778,
      "min": 0
    },
    "http_req_tls_handshaking": {
      "avg": 0,
      "min": 0,
      "med": 0,
      "max": 0,
      "p(90)": 0,
      "p(95)": 0
    },
    "http_reqs": {
      "count": 180,
      "rate": 0.9999958359562282
    },
    "http_req_sending": {
      "avg": 0.06784612222222226,
      "min": 0.039371,
      "med": 0.0543385,
      "max": 0.238096,
      "p(90)": 0.11052659999999995,
      "p(95)": 0.14116029999999996
    },
    "iterations": {
      "count": 180,
      "rate": 0.9999958359562282
    },
    "http_req_blocked": {
      "max": 1.773756,
      "p(90)": 0.3696002,
      "p(95)": 0.5157669499999998,
      "avg": 0.07604457777777782,
      "min": 0.011343,
      "med": 0.0138575
    },
    "http_req_receiving": {
      "avg": 0.14682977777777778,
      "min": 0.094998,
      "med": 0.1350305,
      "max": 0.722576,
      "p(90)": 0.17457040000000001,
      "p(95)": 0.19204314999999997
    },
    "http_req_failed": {
      "fails": 180,
      "passes": 0,
      "value": 0
    },
    "data_received": {
      "count": 27000,
      "rate": 149.99937539343424
    }
  }
}