{
  "root_group": {
    "path": "",
    "id": "d41d8cd98f00b204e9800998ecf8427e",
    "groups": {},
    "checks": {
      "publish status 200": {
        "name": "publish status 200",
        "path": "::publish status 200",
        "id": "bf97aede7c5d844e94c724726bc2408d",
        "passes": 178,
        "fails": 0
      }
    },
    "name": ""
  },
  "metrics": {
    "http_req_sending": {
      "med": 0.0552685,
      "max": 0.320185,
      "p(90)": 0.11594540000000003,
      "p(95)": 0.13159315,
      "avg": 0.06849188764044947,
      "min": 0.034519
    },
    "http_req_failed": {
      "passes": 0,
      "fails": 178,
      "value": 0
    },
    "checks": {
      "passes": 178,
      "fails": 0,
      "value": 1
    },
    "http_req_duration{expected_response:true}": {
      "min": 842.859986,
      "med": 18596.868788,
      "max": 24332.560618,
      "p(90)": 23772.0668539,
      "p(95)": 24071.1443158,
      "avg": 16675.49827094383
    },
    "http_req_receiving": {
      "avg": 0.14655444382022473,
      "min": 0.081813,
      "med": 0.13919399999999998,
      "max": 0.312021,
      "p(90)": 0.18383160000000004,
      "p(95)": 0.19650520000000002
    },
    "data_received": {
      "count": 26700,
      "rate": 130.8132225071098
    },
    "data_sent": {
      "count": 149698,
      "rate": 733.4261341898623
    },
    "vus_max": {
      "value": 23,
      "min": 20,
      "max": 23
    },
    "http_reqs": {
      "count": 178,
      "rate": 0.8720881500473987
    },
    "http_req_connecting": {
      "avg": 0.0391280786516854,
      "min": 0,
      "med": 0,
      "max": 0.482868,
      "p(90)": 0.2643471000000001,
      "p(95)": 0.2940989
    },
    "http_req_tls_handshaking": {
      "med": 0,
      "max": 0,
      "p(90)": 0,
      "p(95)": 0,
      "avg": 0,
      "min": 0
    },
    "http_req_waiting": {
      "avg": 16675.283224612358,
      "min": 842.569204,
      "med": 18596.697543,
      "max": 24332.383521,
      "p(90)": 23771.878757,
      "p(95)": 24070.9473751
    },
    "iteration_duration": {
      "avg": 16686.574443943824,
      "min": 854.472559,
      "med": 18607.775481,
      "max": 24343.436536,
      "p(90)": 23782.9521593,
      "p(95)": 24082.131223599998
    },
    "iterations": {
      "count": 178,
      "rate": 0.8720881500473987
    },
    "dropped_iterations": {
      "rate": 0.014698114888439303,
      "count": 3
    },
    "http_req_duration": {
      "max": 24332.560618,
      "p(90)": 23772.0668539,
      "p(95)": 24071.1443158,
      "avg": 16675.49827094383,
      "min": 842.859986,
      "med": 18596.868788
    },
    "http_req_blocked": {
      "avg": 0.07588287640449436,
      "min": 0.00987,
      "med": 0.0135275,
      "max": 1.377429,
      "p(90)": 0.3999592,
      "p(95)": 0.4223724000000001
    },
    "vus": {
      "min": 0,
      "max": 22,
      "value": 1
    }
  }
}