{
  "metrics": {
    "iteration_duration": {
      "min": 743.561619,
      "med": 15758.772043,
      "max": 24545.544354,
      "p(90)": 23456.7506291,
      "p(95)": 23695.619840249998,
      "avg": 14578.840640258426
    },
    "vus_max": {
      "min": 20,
      "max": 23,
      "value": 23
    },
    "dropped_iterations": {
      "count": 3,
      "rate": 0.014667969524997734
    },
    "http_req_waiting": {
      "avg": 14567.469922533706,
      "min": 731.918877,
      "med": 15747.622231500001,
      "max": 24534.329495,
      "p(90)": 23445.6895889,
      "p(95)": 23684.637715650002
    },
    "http_req_receiving": {
      "avg": 0.172979893258427,
      "min": 0.086717,
      "med": 0.1385045,
      "max": 4.662536,
      "p(90)": 0.19258930000000002,
      "p(95)": 0.20756
    },
    "http_req_blocked": {
      "avg": 0.11004400561797763,
      "min": 0.010896,
      "med": 0.013753000000000001,
      "max": 5.989707,
      "p(90)": 0.4055634,
      "p(95)": 0.471322
    },
    "vus": {
      "value": 1,
      "min": 0,
      "max": 22
    },
    "http_req_tls_handshaking": {
      "avg": 0,
      "min": 0,
      "med": 0,
      "max": 0,
      "p(90)": 0,
      "p(95)": 0
    },
    "http_req_duration": {
      "p(95)": 23684.914489900002,
      "avg": 14567.710737095507,
      "min": 732.199196,
      "med": 15747.8387405,
      "max": 24534.499468,
      "p(90)": 23445.9075714
    },
    "http_req_duration{expected_response:true}": {
      "p(95)": 23684.914489900002,
      "avg": 14567.710737095507,
      "min": 732.199196,
      "med": 15747.8387405,
      "max": 24534.499468,
      "p(90)": 23445.9075714
    },
    "http_req_sending": {
      "avg": 0.06783466853932575,
      "min": 0.034812,
      "med": 0.0544605,
      "max": 0.383186,
      "p(90)": 0.10749390000000002,
      "p(95)": 0.13390345
    },
    "iterations": {
      "count": 178,
      "rate": 0.8702995251498656
    },
    "checks": {
      "passes": 178,
      "fails": 0,
      "value": 1
    },
    "data_sent": {
      "count": 149876,
      "rate": 732.7922001761868
    },
    "data_received": {
      "count": 26700,
      "rate": 130.54492877247984
    },
    "http_req_failed": {
      "passes": 0,
      "fails": 178,
      "value": 0
    },
    "http_reqs": {
      "count": 178,
      "rate": 0.8702995251498656
    },
    "http_req_connecting": {
      "avg": 0.04660329775280899,
      "min": 0,
      "med": 0,
      "max": 0.968384,
      "p(90)": 0.2856188,
      "p(95)": 0.3067594
    }
  },
  "root_group": {
    "checks": {
      "publish status 200": {
        "id": "bf97aede7c5d844e94c724726bc2408d",
        "passes": 178,
        "fails": 0,
        "name": "publish status 200",
        "path": "::publish status 200"
      }
    },
    "name": "",
    "path": "",
    "id": "d41d8cd98f00b204e9800998ecf8427e",
    "groups": {}
  }
}