{
  "root_group": {
    "path": "",
    "id": "d41d8cd98f00b204e9800998ecf8427e",
    "groups": {},
    "checks": {
      "publish status 200": {
        "id": "bf97aede7c5d844e94c724726bc2408d",
        "passes": 178,
        "fails": 0,
        "name": "publish status 200",
        "path": "::publish status 200"
      }
    },
    "name": ""
  },
  "metrics": {
    "http_req_failed": {
      "passes": 0,
      "fails": 178,
      "value": 0
    },
    "http_reqs": {
      "count": 178,
      "rate": 0.8782421249717481
    },
    "http_req_receiving": {
      "max": 0.265348,
      "p(90)": 0.19105270000000008,
      "p(95)": 0.21419865,
      "avg": 0.14499445505617975,
      "min": 0.081884,
      "med": 0.134776
    },
    "vus": {
      "value": 1,
      "min": 0,
      "max": 21
    },
    "http_req_connecting": {
      "med": 0,
      "max": 0.77396,
      "p(90)": 0.274222,
      "p(95)": 0.31142445,
      "avg": 0.04079488764044944,
      "min": 0
    },
    "data_received": {
      "count": 26700,
      "rate": 131.73631874576222
    },
    "http_req_waiting": {
      "p(95)": 22024.140708900002,
      "avg": 16175.025118196638,
      "min": 662.648059,
      "med": 18534.132312499998,
      "max": 23809.907704,
      "p(90)": 21617.5128314
    },
    "http_req_duration": {
      "avg": 16175.24010412359,
      "min": 662.97492,
      "med": 18534.3198745,
      "max": 23810.083167,
      "p(90)": 21617.7219173,
      "p(95)": 22024.32435355
    },
    "http_req_tls_handshaking": {
      "avg": 0,
      "min": 0,
      "med": 0,
      "max": 0,
      "p(90)": 0,
      "p(95)": 0
    },
    "data_sent": {
      "count": 149876,
      "rate": 739.4798692262119
    },
    "http_req_sending": {
      "max": 0.266548,
      "p(90)": 0.11021280000000003,
      "p(95)": 0.14173385000000005,
      "avg": 0.06999147191011237,
      "min": 0.033865,
      "med": 0.0556825
    },
    "checks": {
      "passes": 178,
      "fails": 0,
      "value": 1
    },
    "iteration_duration": {
      "p(95)": 22035.335957100004,
      "avg": 16186.323348174159,
      "min": 674.485652,
      "med": 18545.145356,
      "max": 23820.880528,
      "p(90)": 21628.6486873
    },
    "http_req_blocked": {
      "min": 0.011512,
      "med": 0.0136915,
      "max": 1.176193,
      "p(90)": 0.3989865,
      "p(95)": 0.44572205000000004,
      "avg": 0.07565576966292133
    },
    "iterations": {
      "count": 178,
      "rate": 0.8782421249717481
    },
    "vus_max": {
      "value": 22,
      "min": 20,
      "max": 22
    },
    "http_req_duration{expected_response:true}": {
      "avg": 16175.24010412359,
      "min": 662.97492,
      "med": 18534.3198745,
      "max": 23810.083167,
      "p(90)": 21617.7219173,
      "p(95)": 22024.32435355
    },
    "dropped_iterations": {
      "rate": 0.009867889044626384,
      "count": 2
    }
  }
}