{
  "root_group": {
    "groups": {},
    "checks": {
      "publish status 200": {
        "fails": 0,
        "name": "publish status 200",
        "path": "::publish status 200",
        "id": "bf97aede7c5d844e94c724726bc2408d",
        "passes": 174
      }
    },
    "name": "",
    "path": "",
    "id": "d41d8cd98f00b204e9800998ecf8427e"
  },
  "metrics": {
    "http_req_duration": {
      "avg": 18806.362655132183,
      "min": 594.405005,
      "med": 23017.828548999998,
      "max": 28020.877738,
      "p(90)": 27084.569706500002,
      "p(95)": 27334.8006571
    },
    "http_req_blocked": {
      "avg": 0.09175416091954025,
      "min": 0.01003,
      "med": 0.0135085,
      "max": 1.621847,
      "p(90)": 0.4214751000000002,
      "p(95)": 0.52885445
    },
    "http_req_failed": {
      "passes": 0,
      "fails": 174,
      "value": 0
    },
    "http_req_connecting": {
      "avg": 0.052945482758620696,
      "min": 0,
      "med": 0,
      "max": 0.702895,
      "p(90)": 0.2850296000000001,
      "p(95)": 0.3364841999999998
    },
    "data_received": {
      "count": 26100,
      "rate": 125.85668455887733
    },
    "vus": {
      "value": 1,
      "min": 0,
      "max": 26
    },
    "vus_max": {
      "max": 27,
      "value": 27,
      "min": 20
    },
    "http_req_waiting": {
      "p(90)": 27084.391305099998,
      "p(95)": 27334.60620365,
      "avg": 18806.149868281605,
      "min": 594.080699,
      "med": 23017.6476745,
      "max": 28020.695961
    },
    "checks": {
      "passes": 174,
      "fails": 0,
      "value": 1
    },
    "http_req_receiving": {
      "min": 0.089008,
      "med": 0.1352735,
      "max": 0.310671,
      "p(90)": 0.19239850000000003,
      "p(95)": 0.21826479999999998,
      "avg": 0.14718502298850572
    },
    "http_reqs": {
      "count": 174,
      "rate": 0.8390445637258489
    },
    "http_req_duration{expected_response:true}": {
      "avg": 18806.362655132183,
      "min": 594.405005,
      "med": 23017.828548999998,
      "max": 28020.877738,
      "p(90)": 27084.569706500002,
      "p(95)": 27334.8006571
    },
    "iterations": {
      "count": 174,
      "rate": 0.8390445637258489
    },
    "http_req_tls_handshaking": {
      "p(90)": 0,
      "p(95)": 0,
      "avg": 0,
      "min": 0,
      "med": 0,
      "max": 0
    },
    "iteration_duration": {
      "p(95)": 27346.1378007,
      "avg": 18817.452185965514,
      "min": 606.141037,
      "med": 23028.7667425,
      "max": 28031.749257,
      "p(90)": 27095.6469703
    },
    "http_req_sending": {
      "p(90)": 0.10572110000000001,
      "p(95)": 0.12252694999999994,
      "avg": 0.0656018275862069,
      "min": 0.034969,
      "med": 0.0536895,
      "max": 0.18527
    },
    "dropped_iterations": {
      "count": 7,
      "rate": 0.033754666356787026
    },
    "data_sent": {
      "count": 146334,
      "rate": 705.6364780934389
    }
  }
}