{
  "root_group": {
    "name": "",
    "path": "",
    "id": "d41d8cd98f00b204e9800998ecf8427e",
    "groups": {},
    "checks": {
      "publish status 200": {
        "path": "::publish status 200",
        "id": "bf97aede7c5d844e94c724726bc2408d",
        "passes": 180,
        "fails": 0,
        "name": "publish status 200"
      }
    }
  },
  "metrics": {
    "http_req_failed": {
      "passes": 0,
      "fails": 180,
      "value": 0
    },
    "checks": {
      "passes": 180,
      "fails": 0,
      "value": 1
    },
    "http_req_duration": {
      "med": 8216.363978000001,
      "max": 11596.378544,
      "p(90)": 10659.9135648,
      "p(95)": 10899.68387505,
      "avg": 5782.14988111111,
      "min": 359.274046
    },
    "http_req_tls_handshaking": {
      "avg": 0,
      "min": 0,
      "med": 0,
      "max": 0,
      "p(90)": 0,
      "p(95)": 0
    },
    "http_req_duration{expected_response:true}": {
      "avg": 5782.14988111111,
      "min": 359.274046,
      "med": 8216.363978000001,
      "max": 11596.378544,
      "p(90)": 10659.9135648,
      "p(95)": 10899.68387505
    },
    "http_req_sending": {
      "med": 0.0541485,
      "max": 0.318315,
      "p(90)": 0.1020756,
      "p(95)": 0.12936704999999998,
      "avg": 0.0669107333333333,
      "min": 0.036134
    },
    "http_req_blocked": {
      "avg": 0.07066110555555556,
      "min": 0.011011,
      "med": 0.013738,
      "max": 1.317811,
      "p(90)": 0.38617979999999996,
      "p(95)": 0.4725781
    },
    "http_req_connecting": {
      "avg": 0.038879305555555556,
      "min": 0,
      "med": 0,
      "max": 0.535794,
      "p(90)": 0.2619745,
      "p(95)": 0.32642065
    },
    "http_req_receiving": {
      "p(95)": 0.18770174999999995,
      "avg": 0.14149154444444453,
      "min": 0.092921,
      "med": 0.1373995,
      "max": 0.28972,
      "p(90)": 0.1748184
    },
    "vus": {
      "value": 1,
      "min": 0,
      "max": 11
    },
    "data_sent": {
      "count": 75780,
      "rate": 400.3463751086588
    },
    "data_received": {
      "count": 27000,
      "rate": 142.6412262857454
    },
    "vus_max": {
      "value": 20,
      "min": 20,
      "max": 20
    },
    "http_req_waiting": {
      "avg": 5781.941478833332,
      "min": 359.060938,
      "med": 8216.19535,
      "max": 11596.153545,
      "p(90)": 10659.7266755,
      "p(95)": 10899.526901649999
    },
    "iterations": {
      "count": 180,
      "rate": 0.9509415085716361
    },
    "http_reqs": {
      "count": 180,
      "rate": 0.9509415085716361
    },
    "iteration_duration": {
      "avg": 5793.158011838888,
      "min": 370.691112,
      "med": 8227.207757,
      "max": 11607.234196,
      "p(90)": 10670.622227,
      "p(95)": 10910.466935599998
    }
  }
}